"id","band_id","album_id"
"8","41","8"
"11","232","11"
"12","138","12"
"13","136","15"
"14","119","16"
"15","146","17"
"17","8","19"
"19","121","21"
"20","16","22"
"22","160","24"
"23","6","25"
"24","18","26"
"26","14","28"
"29","156","31"
"31","89","33"
"32","173","34"
"33","74","36"
"35","249","38"
"36","46","39"
"37","32","40"
"38","30","41"
"39","30","42"
"40","30","43"
"41","99","44"
"42","187","45"
"43","37","46"
"44","35","47"
"45","137","48"
"46","103","49"
"47","101","50"
"48","177","51"
"49","26","53"
"50","88","54"
"51","139","55"
"53","112","57"
"55","20","59"
"56","29","60"
"57","108","61"
"58","39","62"
"59","87","63"
"60","142","64"
"61","86","65"
"62","30","66"
"63","65","67"
"64","48","68"
"65","66","69"
"66","175","70"
"67","9","71"
"68","189","72"
"70","139","74"
"71","107","75"
"72","56","76"
"73","24","77"
"74","40","78"
"76","90","80"
"77","27","81"
"78","113","82"
"79","13","83"
"80","110","84"
"81","81","85"
"82","185","86"
"83","24","87"
"85","122","89"
"86","91","90"
"87","201","91"
"88","184","92"
"89","295","93"
"90","210","94"
"91","79","95"
"92","22","96"
"93","117","97"
"94","78","98"
"95","157","99"
"97","63","101"
"98","131","102"
"99","58","103"
"101","168","104"
"102","31","105"
"104","22","107"
"105","12","108"
"106","135","109"
"107","208","110"
"108","164","111"
"109","131","112"
"110","51","113"
"112","52","115"
"113","61","116"
"114","70","117"
"115","150","118"
"116","124","119"
"118","22","121"
"119","285","122"
"120","124","123"
"121","17","124"
"122","169","125"
"123","154","126"
"124","199","127"
"125","177","128"
"126","192","129"
"127","104","130"
"128","104","131"
"129","203","132"
"130","109","133"
"131","178","134"
"132","118","135"
"133","118","136"
"134","83","137"
"135","84","138"
"137","22","140"
"139","148","142"
"140","242","143"
"141","42","144"
"143","131","146"
"144","22","147"
"146","137","149"
"148","116","151"
"150","94","153"
"151","183","154"
"152","116","155"
"153","116","156"
"154","198","157"
"155","58","158"
"157","144","160"
"158","77","161"
"159","64","162"
"160","131","163"
"161","272","164"
"162","140","165"
"163","188","166"
"164","68","167"
"165","115","168"
"167","292","170"
"168","292","171"
"169","131","172"
"170","104","173"
"171","151","174"
"172","15","175"
"173","95","176"
"174","128","177"
"175","79","178"
"176","49","179"
"177","118","180"
"178","21","181"
"179","24","182"
"180","33","183"
"181","206","184"
"182","152","185"
"183","207","186"
"184","74","187"
"185","142","188"
"186","192","189"
"187","92","190"
"188","187","191"
"189","122","192"
"190","107","193"
"191","130","194"
"192","182","195"
"193","131","196"
"194","182","197"
"195","132","198"
"196","171","199"
"198","7","201"
"199","209","202"
"200","75","203"
"202","254","205"
"203","254","206"
"204","68","207"
"205","24","208"
"206","96","209"
"207","124","210"
"208","204","211"
"209","193","212"
"210","114","213"
"211","71","214"
"212","200","215"
"213","71","216"
"214","72","217"
"215","107","218"
"216","167","219"
"217","145","220"
"218","23","221"
"219","125","222"
"220","60","223"
"222","202","225"
"223","214","226"
"224","145","227"
"225","93","228"
"226","206","229"
"229","190","232"
"230","167","233"
"231","158","234"
"232","172","235"
"233","36","236"
"234","34","237"
"235","54","238"
"236","11","239"
"237","111","240"
"238","182","241"
"239","9","242"
"240","123","243"
"241","210","244"
"243","38","246"
"244","166","247"
"245","304","248"
"246","181","249"
"247","139","250"
"248","42","251"
"250","174","253"
"251","76","254"
"252","179","255"
"254","245","257"
"255","110","258"
"256","28","259"
"257","182","260"
"258","162","261"
"259","162","262"
"261","137","264"
"264","192","267"
"266","59","269"
"267","19","270"
"268","7","271"
"269","186","272"
"270","139","273"
"271","192","274"
"272","195","275"
"273","24","276"
"274","167","277"
"275","80","278"
"276","126","279"
"277","176","280"
"278","149","281"
"279","137","282"
"280","102","283"
"281","55","284"
"282","212","285"
"283","203","286"
"285","7","288"
"287","25","290"
"288","107","291"
"289","73","292"
"290","161","293"
"291","50","294"
"292","74","295"
"294","70","297"
"295","39","298"
"296","155","299"
"299","171","302"
"300","10","303"
"301","112","304"
"303","134","306"
"306","22","309"
"307","265","310"
"308","305","311"
"309","211","312"
"310","250","313"
"314","118","317"
"316","264","319"
"318","215","321"
"320","292","323"
"321","250","324"
"322","278","325"
"323","264","326"
"324","279","327"
"325","238","328"
"326","297","329"
"327","228","330"
"328","277","331"
"329","282","332"
"330","256","333"
"331","226","334"
"332","127","335"
"334","292","337"
"335","284","338"
"336","298","339"
"337","307","340"
"339","261","342"
"341","225","344"
"344","266","347"
"347","231","350"
"348","240","351"
"350","180","353"
"351","245","354"
"353","288","357"
"354","239","358"
"355","257","359"
"357","273","361"
"358","301","362"
"359","300","363"
"361","108","365"
"362","249","366"
"363","226","367"
"365","289","369"
"366","218","370"
"367","233","371"
"369","307","373"
"370","250","374"
"371","269","375"
"374","289","378"
"376","255","380"
"378","289","382"
"379","268","383"
"381","47","385"
"383","43","387"
"384","279","388"
"385","43","389"
"386","196","390"
"387","250","391"
"388","290","392"
"389","4","393"
"390","235","394"
"391","310","395"
"394","288","398"
"395","300","399"
"396","260","400"
"399","264","403"
"400","269","404"
"401","256","405"
"402","304","406"
"403","223","407"
"404","303","408"
"405","234","409"
"406","118","410"
"407","246","411"
"408","246","412"
"409","289","413"
"410","243","414"
"411","256","415"
"412","218","416"
"413","257","418"
"414","106","419"
"415","302","420"
"416","251","421"
"417","224","422"
"418","220","423"
"420","170","425"
"421","222","426"
"422","289","427"
"424","106","429"
"425","100","430"
"426","264","431"
"427","197","432"
"428","291","433"
"431","274","436"
"432","275","436"
"433","124","437"
"435","239","439"
"436","106","440"
"437","227","441"
"438","304","442"
"439","245","443"
"440","297","444"
"441","300","445"
"442","286","446"
"444","264","448"
"445","258","449"
"446","271","450"
"447","271","451"
"449","235","453"
"451","284","455"
"456","215","460"
"458","257","462"
"459","98","463"
"462","300","467"
"463","222","468"
"464","292","469"
"465","292","470"
"467","124","472"
"469","245","474"
"470","307","475"
"471","106","476"
"472","69","477"
"473","219","478"
"474","233","479"
"475","280","480"
"477","147","482"
"478","292","483"
"479","264","484"
"480","217","485"
"483","118","488"
"484","289","489"
"485","246","490"
"486","276","491"
"487","237","492"
"490","296","495"
"491","106","496"
"492","251","497"
"494","237","499"
"496","215","501"
"501","71","506"
"502","292","507"
"503","247","508"
"506","251","511"
"508","196","513"
"510","120","515"
"511","252","516"
"512","211","517"
"514","300","519"
"515","227","520"
"516","292","521"
"519","289","524"
"521","252","526"
"522","253","526"
"527","274","531"
"530","307","534"
"531","264","535"
"532","266","536"
"533","294","537"
"534","106","538"
"537","300","541"
"538","230","542"
"540","292","544"
"542","288","546"
"546","289","550"
"547","264","551"
"549","194","553"
"550","264","555"
"554","220","559"
"556","225","561"
"557","307","562"
"558","266","563"
"560","264","565"
"565","146","18"
"567","312","567"
"568","313","568"
"569","314","569"
"570","314","570"
"571","314","571"
"572","315","572"
"573","316","573"
"574","316","574"
"575","316","575"
"576","317","576"
"577","318","577"
"578","319","578"
"579","319","579"
"580","319","580"
"581","319","581"
"582","319","582"
"583","319","583"
"584","319","584"
"585","319","585"
"586","319","586"
"588","319","588"
"589","320","589"
"590","321","590"
"591","322","591"
"592","323","592"
"593","324","593"
"594","325","594"
"595","326","595"
"596","326","596"
"597","326","597"
"615","328","615"
"616","329","616"
"617","330","617"
"618","330","618"
"619","330","619"
"620","331","620"
"621","332","621"
"622","332","622"
"623","332","623"
"624","332","624"
"625","332","625"
"626","332","626"
"627","332","627"
"628","333","628"
"630","333","630"
"632","333","632"
"633","333","633"
"634","333","634"
"635","333","635"
"636","333","636"
"637","333","637"
"638","333","638"
"639","333","639"
"640","333","640"
"641","334","641"
"642","335","642"
"643","335","643"
"644","336","644"
"646","337","646"
"647","338","647"
"648","339","648"
"649","339","649"
"651","340","651"
"652","340","652"
"653","340","653"
"654","340","654"
"655","340","655"
"656","340","656"
"657","340","657"
"658","341","658"
"659","342","659"
"660","343","660"
"661","343","661"
"662","343","662"
"663","343","663"
"664","343","664"
"665","343","665"
"666","343","666"
"667","343","667"
"668","343","668"
"669","344","669"
"670","344","670"
"671","345","671"
"672","345","672"
"673","345","673"
"674","345","674"
"675","345","675"
"676","345","676"
"677","345","677"
"678","345","678"
"679","345","679"
"680","345","680"
"681","345","681"
"682","345","682"
"683","345","683"
"684","346","684"
"685","346","685"
"686","346","686"
"687","346","687"
"688","346","688"
"689","346","689"
"690","346","690"
"691","346","691"
"692","347","692"
"693","347","693"
"694","347","694"
"697","349","697"
"698","349","698"
"721","351","721"
"722","351","722"
"723","352","723"
"724","352","724"
"725","352","725"
"726","352","726"
"727","352","727"
"728","352","728"
"729","353","729"
"730","354","730"
"731","355","731"
"732","356","732"
"733","356","733"
"735","357","735"
"736","357","736"
"737","357","737"
"738","357","738"
"739","357","739"
"740","358","740"
"741","358","741"
"742","358","742"
"743","358","743"
"744","358","744"
"745","358","745"
"746","358","746"
"747","358","747"
"748","358","748"
"749","358","749"
"750","358","750"
"751","358","751"
"752","358","752"
"753","359","753"
"755","359","755"
"756","359","756"
"757","359","757"
"758","359","758"
"759","359","759"
"760","359","760"
"761","359","761"
"762","359","762"
"763","359","763"
"764","359","764"
"765","359","765"
"766","359","766"
"767","359","767"
"768","359","768"
"773","360","773"
"774","360","774"
"775","361","775"
"776","362","776"
"777","362","777"
"778","362","778"
"779","362","779"
"780","362","780"
"781","362","781"
"782","362","782"
"785","363","785"
"786","363","786"
"787","363","787"
"788","364","788"
"789","364","789"
"790","365","790"
"791","366","791"
"792","367","792"
"793","367","793"
"794","367","794"
"795","367","795"
"796","367","796"
"797","367","797"
"798","367","798"
"799","367","799"
"800","367","800"
"801","367","801"
"802","367","802"
"803","367","803"
"804","367","804"
"805","367","805"
"806","367","806"
"807","367","807"
"808","367","808"
"809","367","809"
"810","367","810"
"811","367","811"
"813","367","813"
"814","367","814"
"815","368","815"
"816","369","816"
"817","369","817"
"818","370","818"
"819","371","819"
"820","371","820"
"821","371","821"
"822","371","822"
"823","371","823"
"824","372","824"
"825","373","825"
"826","374","826"
"828","375","828"
"829","376","829"
"830","376","830"
"831","377","831"
"832","378","832"
"833","378","833"
"834","378","834"
"835","378","835"
"838","379","838"
"839","379","839"
"840","380","840"
"841","380","841"
"842","380","842"
"843","381","843"
"844","381","844"
"846","382","846"
"847","383","847"
"848","384","848"
"849","385","849"
"850","386","850"
"851","387","851"
"852","387","852"
"853","388","853"
"854","389","854"
"855","390","855"
"856","390","856"
"857","390","857"
"858","390","858"
"859","390","859"
"860","390","860"
"861","390","861"
"862","390","862"
"863","390","863"
"864","390","864"
"865","390","865"
"866","390","866"
"867","390","867"
"868","390","868"
"869","390","869"
"870","390","870"
"871","390","871"
"872","390","872"
"873","390","873"
"874","390","874"
"875","391","875"
"876","392","876"
"877","392","877"
"878","392","878"
"879","393","879"
"880","393","880"
"881","394","881"
"882","395","882"
"883","396","883"
"884","397","884"
"885","398","885"
"886","398","886"
"887","398","887"
"888","399","888"
"889","398","889"
"890","398","890"
"891","398","891"
"893","398","893"
"894","398","894"
"895","398","895"
"896","400","896"
"897","400","897"
"898","401","898"
"899","401","899"
"900","401","900"
"901","402","901"
"902","403","902"
"903","403","903"
"904","403","904"
"905","403","905"
"906","403","906"
"907","403","907"
"908","403","908"
"909","403","909"
"910","403","910"
"911","403","911"
"912","403","912"
"913","404","913"
"914","405","914"
"915","406","915"
"916","407","916"
"917","408","917"
"918","408","918"
"919","409","919"
"920","410","920"
"921","411","921"
"922","411","922"
"923","411","923"
"924","411","924"
"925","411","925"
"926","411","926"
"927","411","927"
"929","412","929"
"930","412","930"
"931","412","931"
"932","412","932"
"933","413","933"
"934","413","934"
"935","414","935"
"936","415","936"
"937","416","937"
"938","416","938"
"939","416","939"
"940","416","940"
"941","416","941"
"942","416","942"
"943","416","943"
"945","416","945"
"946","416","946"
"947","416","947"
"948","416","948"
"949","416","949"
"950","416","950"
"951","416","951"
"952","416","952"
"953","416","953"
"954","416","954"
"955","416","955"
"956","416","956"
"957","417","957"
"958","418","958"
"959","418","959"
"960","418","960"
"961","418","961"
"962","418","962"
"963","418","963"
"964","418","964"
"965","418","965"
"966","419","966"
"967","420","967"
"968","420","968"
"969","420","969"
"970","420","970"
"971","420","971"
"972","420","972"
"973","421","973"
"974","421","974"
"975","421","975"
"977","421","977"
"978","421","978"
"979","422","979"
"980","423","980"
"981","423","981"
"982","424","982"
"983","424","983"
"984","424","984"
"985","424","985"
"986","424","986"
"987","424","987"
"988","424","988"
"989","424","989"
"990","424","990"
"991","424","991"
"992","425","992"
"993","425","993"
"994","425","994"
"995","425","995"
"997","425","997"
"998","425","998"
"999","426","999"
"1000","426","1000"
"1001","426","1001"
"1002","426","1002"
"1003","426","1003"
"1004","426","1004"
"1005","426","1005"
"1006","427","1006"
"1007","427","1007"
"1008","428","1008"
"1009","428","1009"
"1010","428","1010"
"1011","429","1011"
"1012","430","1012"
"1013","431","1013"
"1014","431","1014"
"1015","431","1015"
"1016","431","1016"
"1017","432","1017"
"1018","432","1018"
"1019","432","1019"
"1020","432","1020"
"1021","432","1021"
"1022","432","1022"
"1023","432","1023"
"1024","432","1024"
"1026","432","1026"
"1027","432","1027"
"1028","432","1028"
"1030","432","1030"
"1031","432","1031"
"1032","432","1032"
"1033","432","1033"
"1034","432","1034"
"1035","432","1035"
"1036","432","1036"
"1037","432","1037"
"1038","432","1038"
"1039","432","1039"
"1040","432","1040"
"1041","432","1041"
"1042","432","1042"
"1043","433","1043"
"1044","433","1044"
"1045","433","1045"
"1046","433","1046"
"1047","433","1047"
"1048","433","1048"
"1050","433","1050"
"1052","433","1052"
"1055","434","1055"
"1056","435","1056"
"1057","435","1057"
"1058","435","1058"
"1060","435","1060"
"1061","435","1061"
"1062","435","1062"
"1063","435","1063"
"1064","435","1064"
"1065","435","1065"
"1066","435","1066"
"1067","435","1067"
"1068","435","1068"
"1069","435","1069"
"1070","435","1070"
"1072","436","1072"
"1073","435","1073"
"1074","435","1074"
"1075","435","1075"
"1076","437","1076"
"1077","438","1077"
"1078","439","1078"
"1079","440","1079"
"1080","440","1080"
"1081","440","1081"
"1082","440","1082"
"1084","440","1084"
"1085","440","1085"
"1086","440","1086"
"1087","440","1087"
"1088","440","1088"
"1089","440","1089"
"1090","440","1090"
"1091","440","1091"
"1093","441","1093"
"1094","441","1094"
"1095","441","1095"
"1096","441","1096"
"1097","442","1097"
"1099","444","1099"
"1100","445","1100"
"1101","445","1101"
"1103","445","1103"
"1104","445","1104"
"1105","446","1105"
"1106","446","1106"
"1107","447","1107"
"1109","447","1109"
"1110","447","1110"
"1111","447","1111"
"1112","448","1112"
"1113","448","1113"
"1114","448","1114"
"1115","449","1115"
"1116","449","1116"
"1117","449","1117"
"1118","450","1118"
"1119","451","1119"
"1120","451","1120"
"1121","451","1121"
"1123","451","1123"
"1124","451","1124"
"1125","451","1125"
"1126","451","1126"
"1127","451","1127"
"1128","451","1128"
"1129","451","1129"
"1131","451","1131"
"1132","451","1132"
"1133","451","1133"
"1134","451","1134"
"1136","451","1136"
"1137","451","1137"
"1138","451","1138"
"1139","451","1139"
"1140","451","1140"
"1141","451","1141"
"1142","451","1142"
"1143","451","1143"
"1144","451","1144"
"1145","451","1145"
"1146","451","1146"
"1147","451","1147"
"1148","451","1148"
"1149","452","1149"
"1150","453","1150"
"1151","454","1151"
"1152","454","1152"
"1153","454","1153"
"1154","454","1154"
"1155","454","1155"
"1156","454","1156"
"1157","454","1157"
"1158","454","1158"
"1159","454","1159"
"1160","454","1160"
"1161","454","1161"
"1162","454","1162"
"1163","454","1163"
"1164","455","1164"
"1165","456","1165"
"1166","456","1166"
"1167","456","1167"
"1168","456","1168"
"1169","456","1169"
"1170","456","1170"
"1171","456","1171"
"1172","456","1172"
"1173","456","1173"
"1174","457","1174"
"1175","458","1175"
"1176","459","1176"
"1177","459","1177"
"1178","459","1178"
"1179","460","1179"
"1180","460","1180"
"1181","460","1181"
"1182","460","1182"
"1183","460","1183"
"1184","460","1184"
"1186","460","1186"
"1187","460","1187"
"1188","460","1188"
"1189","460","1189"
"1190","460","1190"
"1191","460","1191"
"1192","460","1192"
"1193","460","1193"
"1194","460","1194"
"1195","460","1195"
"1196","460","1196"
"1197","461","1197"
"1198","462","1198"
"1199","463","1199"
"1200","463","1200"
"1201","463","1201"
"1202","464","1202"
"1203","465","1203"
"1204","466","1204"
"1205","466","1205"
"1206","466","1206"
"1207","466","1207"
"1208","466","1208"
"1209","467","1209"
"1210","467","1210"
"1211","468","1211"
"1212","468","1212"
"1213","468","1213"
"1214","468","1214"
"1215","468","1215"
"1216","468","1216"
"1217","468","1217"
"1218","468","1218"
"1219","468","1219"
"1220","468","1220"
"1221","468","1221"
"1222","468","1222"
"1223","468","1223"
"1224","468","1224"
"1225","468","1225"
"1226","468","1226"
"1227","468","1227"
"1228","468","1228"
"1229","468","1229"
"1230","468","1230"
"1231","468","1231"
"1232","468","1232"
"1233","468","1233"
"1235","469","1235"
"1236","469","1236"
"1237","469","1237"
"1238","470","1238"
"1239","470","1239"
"1240","470","1240"
"1241","470","1241"
"1242","470","1242"
"1243","471","1243"
"1244","472","1244"
"1245","473","1245"
"1246","473","1246"
"1247","473","1247"
"1248","473","1248"
"1249","473","1249"
"1250","473","1250"
"1251","473","1251"
"1252","473","1252"
"1253","473","1253"
"1254","473","1254"
"1256","473","1256"
"1257","473","1257"
"1258","473","1258"
"1259","473","1259"
"1260","473","1260"
"1261","473","1261"
"1262","473","1262"
"1263","473","1263"
"1265","473","1265"
"1266","474","1266"
"1267","475","1267"
"1268","475","1268"
"1269","475","1269"
"1270","475","1270"
"1271","475","1271"
"1272","475","1272"
"1273","475","1273"
"1274","475","1274"
"1275","475","1275"
"1276","475","1276"
"1277","476","1277"
"1278","477","1278"
"1279","478","1279"
"1280","479","1280"
"1281","479","1281"
"1282","479","1282"
"1283","479","1283"
"1284","479","1284"
"1285","479","1285"
"1286","480","1286"
"1287","480","1287"
"1288","479","1288"
"1289","479","1289"
"1290","479","1290"
"1291","479","1291"
"1292","479","1292"
"1293","481","1293"
"1294","479","1294"
"1295","482","1295"
"1296","482","1296"
"1297","482","1297"
"1298","482","1298"
"1299","482","1299"
"1300","482","1300"
"1301","482","1301"
"1302","482","1302"
"1303","483","1303"
"1304","483","1304"
"1305","483","1305"
"1306","483","1306"
"1307","483","1307"
"1308","483","1308"
"1309","483","1309"
"1310","483","1310"
"1311","483","1311"
"1312","483","1312"
"1313","483","1313"
"1314","483","1314"
"1315","483","1315"
"1317","483","1317"
"1318","484","1318"
"1319","485","1319"
"1320","485","1320"
"1321","485","1321"
"1322","485","1322"
"1323","485","1323"
"1324","485","1324"
"1325","485","1325"
"1326","485","1326"
"1327","485","1327"
"1328","485","1328"
"1329","485","1329"
"1330","486","1330"
"1331","487","1331"
"1332","487","1332"
"1333","487","1333"
"1334","487","1334"
"1335","487","1335"
"1336","487","1336"
"1337","487","1337"
"1338","487","1338"
"1339","488","1339"
"1340","489","1340"
"1341","490","1341"
"1343","492","1343"
"1344","492","1344"
"1345","493","1345"
"1346","493","1346"
"1347","493","1347"
"1348","493","1348"
"1349","493","1349"
"1350","493","1350"
"1351","493","1351"
"1352","493","1352"
"1353","493","1353"
"1354","493","1354"
"1355","493","1355"
"1356","494","1356"
"1357","495","1357"
"1358","495","1358"
"1359","496","1359"
"1360","496","1360"
"1361","496","1361"
"1362","496","1362"
"1363","496","1363"
"1365","498","1365"
"1366","499","1419"
"1367","499","1420"
"1368","499","1421"
"1369","499","1422"
"1370","499","1423"
"1371","499","1424"
"1372","499","1425"
"1373","499","1426"
"1374","499","1427"
"1375","499","1428"
"1376","499","1429"
"1377","500","1430"
"1378","500","1431"
"1379","500","1432"
"1380","500","1433"
"1381","500","1434"
"1382","500","1435"
"1383","500","1436"
"1384","500","1437"
"1385","500","1438"
"1386","500","1439"
"1387","501","1440"
"1388","502","1441"
"1389","502","1442"
"1390","502","1443"
"1391","502","1444"
"1392","503","1445"
"1393","504","1446"
"1394","505","1447"
"1395","505","1448"
"1396","505","1449"
"1397","505","1450"
"1398","505","1451"
"1399","505","1452"
"1400","505","1453"
"1401","505","1454"
"1402","505","1455"
"1403","505","1456"
"1404","506","1457"
"1405","506","1458"
"1406","506","1459"
"1407","506","1460"
"1408","506","1461"
"1409","506","1462"
"1410","506","1463"
"1411","506","1464"
"1412","506","1465"
"1413","506","1466"
"1414","506","1467"
"1415","506","1468"
"1416","506","1469"
"1417","506","1470"
"1418","506","1471"
"1419","506","1472"
"1420","506","1473"
"1421","506","1474"
"1422","506","1475"
"1423","506","1476"
"1424","506","1477"
"1425","506","1478"
"1426","507","1479"
"1427","508","1480"
"1428","508","1481"
"1429","508","1482"
"1430","508","1483"
"1431","508","1484"
"1432","508","1485"
"1433","508","1486"
"1434","508","1487"
"1435","508","1488"
"1436","508","1489"
"1437","508","1490"
"1438","508","1491"
"1439","508","1492"
"1440","508","1493"
"1441","508","1494"
"1442","508","1495"
"1443","508","1496"
"1444","509","1497"
"1445","509","1498"
"1446","510","1499"
"1447","511","1500"
"1448","511","1501"
"1449","511","1502"
"1450","511","1503"
"1451","511","1504"
"1452","512","1505"
"1453","512","1506"
"1454","513","1507"
"1455","514","1508"
"1456","515","1509"
"1457","515","1510"
"1458","515","1511"
"1459","515","1512"
"1460","515","1513"
"1461","515","1514"
"1463","515","1516"
"1464","515","1517"
"1465","515","1518"
"1466","515","1519"
"1467","515","1520"
"1468","516","1521"
"1469","517","1522"
"1470","517","1523"
"1471","517","1524"
"1472","518","1525"
"1473","518","1526"
"1474","519","1527"
"1475","520","1528"
"1476","520","1529"
"1478","520","1531"
"1479","520","1532"
"1480","520","1533"
"1481","520","1534"
"1482","520","1535"
"1483","520","1536"
"1484","520","1537"
"1485","520","1538"
"1486","520","1539"
"1487","520","1540"
"1488","520","1541"
"1489","520","1542"
"1490","520","1543"
"1491","520","1544"
"1492","520","1545"
"1493","520","1546"
"1494","520","1547"
"1495","520","1548"
"1496","521","1549"
"1497","521","1550"
"1498","521","1551"
"1499","521","1552"
"1500","521","1553"
"1501","521","1554"
"1502","521","1555"
"1503","521","1556"
"1504","521","1557"
"1506","521","1559"
"1507","521","1560"
"1508","521","1561"
"1509","521","1562"
"1510","521","1563"
"1511","522","1564"
"1512","523","1565"
"1513","524","1566"
"1514","525","1567"
"1515","525","1568"
"1517","525","1570"
"1518","525","1571"
"1519","526","1572"
"1557","528","1610"
"1572","529","1625"
"1573","529","1626"
"1575","529","1628"
"1576","529","1629"
"1577","529","1630"
"1578","529","1631"
"1579","530","1632"
"1580","531","1633"
"1581","532","1634"
"1582","532","1635"
"1583","532","1636"
"1584","532","1637"
"1585","532","1638"
"1586","532","1639"
"1587","532","1640"
"1588","532","1641"
"1589","532","1642"
"1590","532","1643"
"1591","532","1644"
"1593","532","1646"
"1594","532","1647"
"1595","533","1648"
"1596","533","1649"
"1597","534","1650"
"1598","534","1651"
"1599","534","1652"
"1600","534","1653"
"1601","535","1654"
"1602","535","1655"
"1603","535","1656"
"1604","535","1657"
"1605","536","1658"
"1606","536","1659"
"1607","537","1660"
"1608","537","1661"
"1609","537","1662"
"1610","537","1663"
"1611","538","1664"
"1613","539","1666"
"1614","539","1667"
"1615","539","1668"
"1616","539","1669"
"1617","539","1670"
"1620","539","1673"
"1621","539","1674"
"1638","541","1691"
"1639","542","1692"
"1640","543","1693"
"1641","543","1694"
"1642","544","1695"
"1643","545","1696"
"1644","545","1697"
"1645","545","1698"
"1646","545","1699"
"1647","545","1700"
"1648","545","1701"
"1649","545","1702"
"1650","545","1703"
"1651","545","1704"
"1652","545","1705"
"1653","545","1706"
"1654","545","1707"
"1655","545","1708"
"1656","545","1709"
"1657","545","1710"
"1658","545","1711"
"1659","546","1712"
"1660","546","1713"
"1661","546","1714"
"1662","546","1715"
"1663","546","1716"
"1664","546","1717"
"1665","546","1718"
"1666","546","1719"
"1667","546","1720"
"1668","546","1721"
"1669","546","1722"
"1670","546","1723"
"1671","546","1724"
"1672","546","1725"
"1673","546","1726"
"1674","546","1727"
"1675","546","1728"
"1676","546","1729"
"1677","546","1730"
"1678","546","1731"
"1679","546","1732"
"1680","546","1733"
"1681","547","1734"
"1682","548","1735"
"1683","548","1736"
"1684","548","1737"
"1685","549","1738"
"1686","550","1739"
"1687","550","1740"
"1688","550","1741"
"1689","551","1742"
"1690","551","1743"
"1691","552","1744"
"1692","552","1745"
"1693","552","1746"
"1694","552","1747"
"1695","552","1748"
"1696","552","1749"
"1697","552","1750"
"1698","552","1751"
"1699","552","1752"
"1700","552","1753"
"1701","552","1754"
"1702","552","1755"
"1703","552","1756"
"1704","553","1757"
"1705","553","1758"
"1706","553","1759"
"1708","553","1761"
"1709","553","1762"
"1710","553","1763"
"1712","553","1765"
"1713","553","1766"
"1715","553","1768"
"1716","553","1769"
"1717","553","1770"
"1718","553","1771"
"1719","553","1772"
"1720","553","1773"
"1721","553","1774"
"1722","553","1775"
"1723","553","1776"
"1724","553","1777"
"1726","553","1779"
"1729","553","1782"
"1730","553","1783"
"1742","555","1795"
"1743","555","1796"
"1744","555","1797"
"1745","556","1798"
"1746","557","1799"
"1747","558","1800"
"1748","558","1801"
"1749","559","1802"
"1750","559","1803"
"1751","559","1804"
"1752","559","1805"
"1753","559","1806"
"1755","559","1808"
"1756","559","1809"
"1757","559","1810"
"1758","559","1811"
"1759","559","1812"
"1760","560","1813"
"1761","561","1814"
"1762","561","1815"
"1763","562","1816"
"1764","562","1817"
"1765","562","1818"
"1766","562","1819"
"1767","562","1820"
"1768","562","1821"
"1769","562","1822"
"1770","562","1823"
"1771","562","1824"
"1772","562","1825"
"1773","562","1826"
"1774","562","1827"
"1775","562","1828"
"1776","562","1829"
"1777","562","1830"
"1778","562","1831"
"1780","562","1833"
"1781","562","1834"
"1782","562","1835"
"1783","563","1836"
"1784","563","1837"
"1785","563","1838"
"1786","564","1839"
"1787","565","1840"
"1788","565","1841"
"1789","566","1842"
"1790","567","1843"
"1791","568","1844"
"1792","569","1845"
"1793","570","1846"
"1794","570","1847"
"1795","570","1848"
"1796","570","1849"
"1797","570","1850"
"1798","570","1851"
"1799","570","1852"
"1800","570","1853"
"1801","570","1854"
"1802","570","1855"
"1804","570","1857"
"1805","571","1858"
"1806","572","1859"
"1807","573","1860"
"1808","574","1861"
"1809","574","1862"
"1810","574","1863"
"1811","574","1864"
"1812","575","1865"
"1813","576","1866"
"1814","576","1867"
"1815","576","1868"
"1816","576","1869"
"1818","576","1871"
"1819","576","1872"
"1820","576","1873"
"1821","576","1874"
"1822","576","1875"
"1823","576","1876"
"1824","576","1877"
"1826","576","1879"
"1827","577","1880"
"1828","578","1881"
"1829","578","1882"
"1830","578","1883"
"1831","578","1884"
"1832","578","1885"
"1833","578","1886"
"1834","578","1887"
"1835","578","1888"
"1836","578","1889"
"1837","578","1890"
"1838","578","1891"
"1839","578","1892"
"1840","578","1893"
"1841","579","1894"
"1842","580","1895"
"1843","581","1896"
"1844","581","1897"
"1845","581","1898"
"1847","581","1900"
"1848","581","1901"
"1849","581","1902"
"1850","581","1903"
"1851","581","1904"
"1852","581","1905"
"1853","581","1906"
"1854","581","1907"
"1855","581","1908"
"1856","582","1909"
"1857","582","1910"
"1858","582","1911"
"1859","582","1912"
"1860","582","1913"
"1861","582","1914"
"1865","582","1918"
"1866","582","1919"
"1867","583","1920"
"1868","584","1921"
"1869","584","1922"
"1870","584","1923"
"1871","584","1924"
"1872","585","1925"
"1873","585","1926"
"1874","585","1927"
"1875","585","1928"
"1876","585","1929"
"1877","585","1930"
"1878","585","1931"
"1879","586","1932"
"1880","587","1933"
"1881","587","1934"
"1882","588","1935"
"1883","588","1936"
"1884","588","1937"
"1885","588","1938"
"1886","588","1939"
"1888","588","1941"
"1889","588","1942"
"1890","588","1943"
"1891","588","1944"
"1892","588","1945"
"1893","588","1946"
"1894","588","1947"
"1895","588","1948"
"1897","588","1950"
"1898","588","1951"
"1899","588","1952"
"1900","588","1953"
"1902","588","1955"
"1903","588","1956"
"1904","589","1957"
"1905","590","1958"
"1906","591","1959"
"1907","591","1960"
"1908","591","1961"
"1909","591","1962"
"1911","591","1964"
"1912","591","1965"
"1913","591","1966"
"1914","591","1967"
"1915","591","1968"
"1916","591","1969"
"1917","591","1970"
"1918","591","1971"
"1919","591","1972"
"1920","591","1973"
"1921","591","1974"
"1923","591","1976"
"1929","591","1982"
"1930","591","1983"
"1931","591","1984"
"1932","591","1985"
"1933","592","1986"
"1934","593","1987"
"1935","593","1988"
"1936","594","1989"
"1937","594","1990"
"1938","594","1991"
"1939","594","1992"
"1940","594","1993"
"1941","594","1994"
"1942","594","1995"
"1943","594","1996"
"1944","594","1997"
"1945","594","1998"
"1947","594","2000"
"1948","594","2001"
"1949","594","2002"
"1950","594","2003"
"1951","595","2004"
"1952","596","2005"
"1953","597","2006"
"1954","598","2007"
"1955","599","2008"
"1956","599","2009"
"1957","599","2010"
"1958","599","2011"
"1959","599","2012"
"1960","599","2013"
"1961","599","2014"
"1962","599","2015"
"1963","599","2016"
"1964","600","2017"
"1965","600","2018"
"1966","600","2019"
"1967","600","2020"
"1968","600","2021"
"1969","600","2022"
"1970","600","2023"
"1971","601","2024"
"1972","602","2025"
"1973","603","2026"
"1974","603","2027"
"1975","604","2028"
"1976","314","2029"
"1977","314","2030"
"1978","314","2031"
"1979","314","2032"
"1980","314","2033"
"1981","314","2034"
"1982","314","2035"
"1983","314","2036"
"1984","314","2037"
"1985","314","2038"
"1986","314","2039"
"1987","314","2040"
"1988","594","2041"
"1989","418","2042"
"1992","606","2045"
"1993","606","2046"
"1994","606","2047"
"1995","606","2048"
"1996","606","2049"
"1997","606","2050"
"1998","606","2051"
"1999","606","2052"
"2000","606","2053"
"2001","606","2054"
"2002","360","2055"
"2003","607","2056"
"2004","607","2057"
"2005","607","2058"
"2006","607","2059"
"2007","607","2060"
"2008","607","2061"
"2009","607","2062"
"2010","607","2063"
"2011","607","2064"
"2012","607","2065"
"2013","608","2066"
"2014","580","2067"
"2015","580","2068"
"2016","609","2069"
"2017","609","2070"
"2018","609","2071"
"2019","609","2072"
"2020","609","2073"
"2021","609","2074"
"2022","573","2075"
"2023","573","2076"
"2024","573","2077"
"2025","573","2078"
"2026","573","2079"
"2027","573","2080"
"2028","573","2081"
"2029","573","2082"
"2030","573","2083"
"2031","573","2084"
"2032","573","2085"
"2033","573","2086"
"2034","573","2087"
"2035","610","2088"
"2036","418","2089"
"2037","418","2090"
"2038","418","2091"
"2040","331","2093"
"2041","611","2094"
"2044","612","2097"
"2045","612","2098"
"2046","612","2099"
"2047","612","2100"
"2048","612","2101"
"2049","612","2102"
"2050","612","2103"
"2051","612","2104"
"2052","612","2105"
"2053","612","2106"
"2054","612","2107"
"2055","612","2108"
"2056","360","2109"
"2057","360","2110"
"2058","360","2111"
"2059","360","2112"
"2060","360","2113"
"2061","360","2114"
"2062","360","2115"
"2063","360","2116"
"2064","600","2117"
"2066","600","2119"
"2067","600","2120"
"2068","600","2121"
"2069","600","2122"
"2070","600","2123"
"2071","600","2124"
"2075","600","2128"
"2076","600","2129"
"2077","600","2130"
"2078","600","2131"
"2079","600","2132"
"2080","600","2133"
"2081","600","2134"
"2082","600","2135"
"2083","614","2136"
"2084","614","2137"
"2085","614","2138"
"2088","614","2141"
"2089","614","2142"
"2090","614","2143"
"2091","614","2144"
"2092","613","2145"
"2093","613","2146"
"2094","613","2147"
"2095","613","2148"
"2096","613","2149"
"2097","613","2150"
"2098","613","2151"
"2099","613","2152"
"2100","613","2153"
"2101","585","2154"
"2102","585","2155"
"2103","543","2156"
"2104","543","2157"
"2105","615","2158"
"2107","357","2160"
"2115","390","2168"
"2116","533","2169"
"2117","533","2170"
"2118","533","2171"
"2119","533","2172"
"2120","533","2173"
"2121","533","2174"
"2122","533","2175"
"2123","533","2176"
"2124","533","2177"
"2125","533","2178"
"2126","533","2179"
"2127","533","2180"
"2128","533","2181"
"2129","533","2182"
"2130","533","2183"
"2131","533","2184"
"2132","616","2185"
"2133","617","2186"
"2134","617","2187"
"2135","617","2188"
"2136","621","2189"
"2137","621","2190"
"2138","618","2191"
"2139","620","2192"
"2140","619","2193"
"2141","555","2194"
"2142","555","2195"
"2143","555","2196"
"2144","555","2197"
"2145","555","2198"
"2146","555","2199"
"2147","555","2200"
"2149","555","2202"
"2150","511","2203"
"2151","511","2204"
"2153","511","2206"
"2155","511","2208"
"2156","511","2209"
"2157","622","2210"
"2158","622","2211"
"2159","622","2212"
"2160","622","2213"
"2161","623","2214"
"2162","623","2215"
"2163","623","2216"
"2164","326","2217"
"2165","326","2218"
"2166","624","2219"
"2167","625","2220"
"2168","625","2221"
"2169","625","2222"
"2170","625","2223"
"2171","625","2224"
"2172","625","2225"
"2173","625","2226"
"2175","626","2228"
"2177","627","2230"
"2178","627","2231"
"2179","627","2232"
"2180","628","2233"
"2181","628","2234"
"2182","628","2235"
"2183","628","2236"
"2184","628","2237"
"2185","628","2238"
"2186","628","2239"
"2188","628","2241"
"2189","628","2242"
"2190","628","2243"
"2191","628","2244"
"2192","628","2245"
"2193","628","2246"
"2194","628","2247"
"2195","628","2248"
"2196","628","2249"
"2197","628","2250"
"2198","628","2251"
"2199","628","2252"
"2200","628","2253"
"2201","529","2254"
"2202","529","2255"
"2203","529","2256"
"2204","529","2257"
"2205","529","2258"
"2206","529","2259"
"2207","529","2260"
"2208","529","2261"
"2209","629","2262"
"2210","629","2263"
"2211","629","2264"
"2212","630","2265"
"2213","631","2266"
"2214","631","2267"
"2215","631","2268"
"2216","631","2269"
"2217","631","2270"
"2218","631","2271"
"2219","631","2272"
"2220","631","2273"
"2221","631","2274"
"2227","631","2280"
"2228","631","2281"
"2229","631","2282"
"2230","631","2283"
"2231","631","2284"
"2232","631","2285"
"2234","631","2287"
"2235","631","2288"
"2236","631","2289"
"2237","358","2290"
"2238","358","2291"
"2240","358","2293"
"2241","358","2294"
"2242","635","2295"
"2243","401","2296"
"2244","401","2297"
"2245","401","2298"
"2246","401","2299"
"2247","401","2300"
"2248","401","2301"
"2249","401","2302"
"2252","401","2305"
"2253","401","2306"
"2255","401","2308"
"2256","401","2309"
"2257","401","2310"
"2258","401","2311"
"2259","632","2312"
"2260","633","2313"
"2261","633","2314"
"2262","508","2315"
"2263","508","2316"
"2264","508","2317"
"2265","508","2318"
"2266","508","2319"
"2267","508","2320"
"2268","508","2321"
"2269","425","2322"
"2270","425","2323"
"2271","425","2324"
"2272","425","2325"
"2273","425","2326"
"2274","425","2327"
"2275","425","2328"
"2276","425","2329"
"2277","425","2330"
"2278","425","2331"
"2279","632","2332"
"2280","632","2333"
"2281","632","2334"
"2282","632","2335"
"2283","632","2336"
"2284","632","2337"
"2287","632","2340"
"2288","637","2341"
"2289","636","2342"
"2290","638","2343"
"2308","645","2361"
"2309","641","2362"
"2310","641","2363"
"2311","641","2364"
"2312","641","2365"
"2313","640","2366"
"2314","646","2367"
"2315","644","2368"
"2316","642","2369"
"2317","643","2370"
"2318","344","2371"
"2319","344","2372"
"2320","344","2373"
"2321","344","2374"
"2322","344","2375"
"2323","344","2376"
"2324","344","2377"
"2325","344","2378"
"2326","344","2379"
"2327","344","2380"
"2328","634","2394"
"2330","647","2396"
"2331","634","2397"
"2332","634","2398"
"2333","634","2399"
"2334","634","2400"
"2335","634","2401"
"2336","634","2402"
"2337","634","2403"
"2338","634","2404"
"2339","651","2405"
"2340","650","2406"
"2341","651","2407"
"2342","649","2408"
"2344","412","2410"
"2345","412","2411"
"2346","412","2412"
"2347","412","2413"
"2348","412","2414"
"2349","412","2415"
"2350","412","2416"
"2353","412","2419"
"2354","412","2420"
"2355","412","2421"
"2356","412","2422"
"2357","648","2423"
"2358","652","2424"
"2359","545","2425"
"2360","506","2426"
"2361","328","2427"
"2362","328","2428"
"2363","328","2429"
"2364","328","2430"
"2365","655","2431"
"2366","390","2432"
"2368","390","2434"
"2371","390","2437"
"2375","390","2441"
"2378","390","2444"
"2380","390","2446"
"2381","390","2447"
"2382","390","2448"
"2387","390","2453"
"2388","653","2454"
"2389","653","2455"
"2390","653","2456"
"2391","653","2457"
"2392","653","2458"
"2393","482","2459"
"2394","482","2460"
"2396","482","2462"
"2397","482","2463"
"2398","482","2464"
"2399","482","2465"
"2400","482","2466"
"2401","482","2467"
"2402","482","2468"
"2403","482","2469"
"2404","482","2470"
"2405","482","2471"
"2406","482","2472"
"2407","482","2473"
"2409","482","2475"
"2410","482","2476"
"2411","482","2477"
"2412","482","2478"
"2413","482","2479"
"2414","482","2480"
"2415","482","2481"
"2416","482","2482"
"2417","482","2483"
"2418","482","2484"
"2419","482","2485"
"2420","654","2486"
"2421","481","2487"
"2424","356","2490"
"2425","356","2491"
"2426","356","2492"
"2427","356","2493"
"2428","356","2494"
"2429","356","2495"
"2430","356","2496"
"2431","356","2497"
"2433","356","2499"
"2435","356","2501"
"2436","356","2502"
"2437","356","2503"
"2438","356","2504"
"2439","356","2505"
"2440","356","2506"
"2441","356","2507"
"2442","345","2508"
"2443","345","2509"
"2444","345","2510"
"2445","366","2511"
"2447","366","2513"
"2448","366","2514"
"2449","366","2515"
"2450","366","2516"
"2451","366","2517"
"2452","366","2518"
"2453","366","2519"
"2454","366","2520"
"2455","366","2521"
"2456","366","2522"
"2457","366","2523"
"2459","366","2525"
"2460","366","2526"
"2461","366","2527"
"2462","366","2528"
"2463","366","2529"
"2464","366","2530"
"2465","366","2531"
"2466","366","2532"
"2467","366","2533"
"2468","656","2534"
"2469","656","2535"
"2470","656","2536"
"2471","656","2537"
"2472","656","2538"
"2473","656","2539"
"2474","656","2540"
"2475","656","2541"
"2476","535","2542"
"2477","535","2543"
"2478","535","2544"
"2479","535","2545"
"2480","535","2546"
"2481","535","2547"
"2482","535","2548"
"2483","535","2549"
"2484","535","2550"
"2486","535","2552"
"2487","535","2553"
"2488","657","2554"
"2489","658","2555"
"2490","658","2556"
"2491","575","2557"
"2492","575","2558"
"2493","575","2559"
"2494","575","2560"
"2495","575","2561"
"2496","575","2562"
"2497","575","2563"
"2498","575","2564"
"2499","575","2565"
"2500","575","2566"
"2501","575","2567"
"2502","575","2568"
"2503","575","2569"
"2504","575","2570"
"2505","575","2571"
"2506","575","2572"
"2507","575","2573"
"2508","659","2574"
"2509","659","2575"
"2510","659","2576"
"2511","659","2577"
"2512","659","2578"
"2514","659","2580"
"2516","659","2582"
"2517","659","2583"
"2520","659","2586"
"2521","659","2587"
"2522","659","2588"
"2523","660","2589"
"2524","660","2590"
"2525","661","2591"
"2526","661","2592"
"2527","662","2593"
"2528","662","2594"
"2529","662","2595"
"2530","662","2596"
"2531","663","2597"
"2532","451","2598"
"2535","665","2602"
"2536","665","2603"
"2537","665","2604"
"2538","665","2605"
"2539","665","2606"
"2540","664","2607"
"2541","565","2608"
"2542","565","2609"
"2543","565","2610"
"2544","565","2611"
"2545","565","2612"
"2546","565","2613"
"2547","565","2614"
"2548","565","2615"
"2549","663","2616"
"2550","663","2617"
"2551","663","2618"
"2552","663","2619"
"2553","368","2620"
"2554","368","2621"
"2555","368","2622"
"2556","368","2623"
"2557","666","2624"
"2558","666","2625"
"2559","666","2626"
"2560","666","2627"
"2561","666","2628"
"2563","666","2630"
"2564","668","2631"
"2565","668","2632"
"2566","668","2633"
"2567","667","2634"
"2568","667","2635"
"2571","671","2638"
"2572","671","2639"
"2573","671","2640"
"2574","671","2641"
"2575","671","2642"
"2576","671","2643"
"2579","672","2646"
"2580","674","2647"
"2581","673","2648"
"2582","675","2649"
"2584","363","2651"
"2585","380","2652"
"2586","407","2653"
"2587","407","2654"
"2588","678","2655"
"2590","682","2657"
"2591","679","2658"
"2592","679","2659"
"2593","679","2660"
"2594","684","2661"
"2595","680","2662"
"2596","680","2663"
"2597","681","2664"
"2598","407","2665"
"2599","685","2666"
"2600","677","2667"
"2601","363","2668"
"2604","686","2671"
"2605","686","2672"
"2606","686","2673"
"2607","688","2674"
"2608","689","2675"
"2609","690","2676"
"2610","691","2677"
"2612","407","2679"
"2613","687","2680"
"2614","687","2681"
"2615","687","2682"
"2617","679","2684"
"2618","686","2685"
"2619","692","2686"
"2620","693","2687"
"2621","694","2688"
"2622","695","2689"
"2623","696","2690"
"2624","696","2691"
"2625","696","2692"
"2626","696","2693"
"2627","696","2694"
"2628","697","2695"
"2629","697","2696"
"2630","697","2697"
"2631","697","2698"
"2632","697","2699"
"2633","697","2700"
"2634","697","2701"
"2635","697","2702"
"2636","697","2703"
"2637","697","2704"
"2638","697","2705"
"2639","697","2706"
"2640","697","2707"
"2641","697","2708"
"2642","697","2709"
"2643","697","2710"
"2644","697","2711"
"2645","697","2712"
"2646","697","2713"
"2647","697","2714"
"2648","697","2715"
"2649","697","2716"
"2650","697","2717"
"2651","697","2718"
"2652","697","2719"
"2653","697","2720"
"2654","697","2721"
"2655","697","2722"
"2657","697","2724"
"2658","697","2725"
"2659","697","2726"
"2660","697","2727"
"2661","697","2728"
"2662","697","2729"
"2663","697","2730"
"2664","697","2731"
"2665","532","2732"
"2666","425","2733"
"2667","698","2734"
"2668","699","2735"
"2669","700","2736"
"2670","701","2737"
"2671","703","2738"
"2672","703","2739"
"2673","704","2740"
"2674","643","2741"
"2675","643","2742"
"2676","643","2743"
"2677","705","2744"
"2678","706","2745"
"2679","707","2746"
"2681","707","2748"
"2682","707","2749"
"2684","420","2751"
"2685","420","2752"
"2686","502","2753"
"2687","502","2754"
"2688","502","2755"
"2689","502","2756"
"2690","502","2757"
"2691","502","2758"
"2692","502","2759"
"2693","502","2760"
"2694","502","2761"
"2695","502","2762"
"2698","702","2772"
"2699","702","2773"
"2700","702","2774"
"2701","702","2775"
"2702","702","2776"
"2703","708","2777"
"2704","709","2778"
"2705","710","2779"
"2706","710","2780"
"2707","424","2781"
"2709","711","2783"
"2710","643","2784"
"2711","643","2785"
"2712","643","2786"
"2713","643","2787"
"2714","643","2788"
"2715","696","2789"
"2716","696","2790"
"2717","712","2791"
"2718","712","2792"
"2719","712","2793"
"2720","712","2794"
"2721","712","2795"
"2722","712","2796"
"2723","712","2797"
"2724","712","2798"
"2725","690","2799"
"2726","690","2800"
"2727","690","2801"
"2728","690","2802"
"2729","690","2803"
"2730","690","2804"
"2731","690","2805"
"2732","690","2806"
"2733","690","2807"
"2734","690","2808"
"2735","716","2809"
"2736","717","2810"
"2737","664","2811"
"2738","398","2812"
"2739","398","2813"
"2740","715","2814"
"2741","713","2815"
"2742","713","2816"
"2744","713","2818"
"2745","713","2819"
"2746","713","2820"
"2747","718","2821"
"2748","719","2822"
"2749","716","2823"
"2750","721","2824"
"2751","720","2825"
"2752","720","2826"
"2753","720","2827"
"2754","720","2828"
"2755","714","2829"
"2756","714","2830"
"2757","714","2831"
"2758","714","2832"
"2759","714","2833"
"2760","714","2834"
"2761","706","2835"
"2762","679","2836"
"2763","679","2837"
"2764","679","2838"
"2765","679","2839"
"2766","664","2840"
"2767","722","2841"
"2768","700","2842"
"2769","700","2843"
"2770","700","2844"
"2771","700","2845"
"2772","700","2846"
"2773","700","2847"
"2774","700","2848"
"2775","700","2849"
"2776","700","2850"
"2777","700","2851"
"2780","723","2854"
"2781","724","2855"
"2782","724","2856"
"2783","725","2857"
"2784","726","2858"
"2785","727","2859"
"2786","727","2860"
"2787","728","2861"
"2788","729","2862"
"2789","730","2863"
"2790","733","2864"
"2791","732","2865"
"2792","735","2866"
"2793","734","2867"
"2794","736","2868"
"2795","737","2869"
"2796","738","2870"
"2797","738","2871"
"2798","739","2872"
"2799","739","2873"
"2800","739","2874"
"2801","739","2875"
"2802","739","2876"
"2803","739","2877"
"2804","739","2878"
"2805","739","2879"
"2806","739","2880"
"2807","739","2881"
"2808","739","2882"
"2809","588","2883"
"2810","508","2884"
"2811","698","2885"
"2812","698","2886"
"2813","698","2887"
"2814","698","2888"
"2815","698","2889"
"2816","698","2890"
"2817","698","2891"
"2818","698","2892"
"2819","698","2893"
"2820","698","2894"
"2821","698","2895"
"2822","698","2896"
"2823","698","2897"
"2824","698","2898"
"2825","698","2899"
"2826","698","2900"
"2827","698","2901"
"2828","698","2902"
"2829","698","2903"
"2830","698","2904"
"2831","698","2905"
"2832","698","2906"
"2833","698","2907"
"2834","698","2908"
"2835","698","2909"
"2836","473","2910"
"2837","740","2911"
"2839","742","2913"
"2840","742","2914"
"2841","742","2915"
"2842","742","2916"
"2843","743","2917"
"2844","407","2918"
"2845","723","2919"
"2846","686","2920"
"2847","686","2921"
"2848","686","2922"
"2849","686","2923"
"2850","686","2924"
"2851","686","2925"
"2852","686","2926"
"2853","686","2927"
"2854","686","2928"
"2855","723","2929"
"2856","731","2930"
"2857","744","2931"
"2858","744","2932"
"2859","745","2933"
"2860","742","2934"
"2861","746","2936"
"2862","745","2937"
"2863","742","2938"
"2864","742","2939"
"2865","742","2940"
"2866","742","2941"
"2867","742","2942"
"2868","742","2943"
"2869","747","2944"
"2870","747","2945"
"2871","747","2946"
"2873","719","2948"
"2874","719","2949"
"2876","719","2951"
"2877","719","2952"
"2878","719","2953"
"2879","719","2954"
"2880","719","2955"
"2881","719","2956"
"2882","719","2957"
"2883","719","2958"
"2884","719","2959"
"2885","719","2960"
"2886","719","2961"
"2887","719","2962"
"2888","719","2963"
"2889","398","2964"
"2890","578","2965"
"2891","748","2966"
"2892","749","2967"
"2893","578","2968"
"2894","750","2969"
"2895","750","2970"
"2897","750","2972"
"2898","750","2973"
"2899","750","2974"
"2902","750","2977"
"2903","750","2978"
"2904","750","2979"
"2905","750","2980"
"2906","750","2981"
"2907","750","2982"
"2908","750","2983"
"2909","750","2984"
"2910","750","2985"
"2911","750","2986"
"2912","750","2987"
"2913","750","2988"
"2914","532","2989"
"2939","542","3014"
"2940","542","3015"
"2941","542","3016"
"2944","542","3019"
"2945","752","3020"
"2947","542","3022"
"2948","542","3023"
"2949","754","3024"
"2950","753","3025"
"2951","753","3026"
"2952","753","3027"
"2953","746","3028"
"2955","755","3030"
"2956","460","3031"
"2957","454","3032"
"2958","454","3033"
"2961","682","3036"
"2962","682","3037"
"2963","682","3038"
"2964","682","3039"
"2965","682","3040"
"2966","682","3041"
"2967","682","3042"
"2968","682","3043"
"2969","682","3044"
"2970","682","3045"
"2971","682","3046"
"2972","682","3047"
"2973","682","3048"
"2974","682","3049"
"2975","682","3050"
"2976","758","3051"
"2977","759","3052"
"2978","437","3053"
"2979","437","3054"
"2980","437","3055"
"2981","437","3056"
"2982","437","3057"
"2983","437","3058"
"2984","437","3059"
"2985","437","3060"
"2986","437","3061"
"2987","437","3062"
"2988","437","3063"
"2989","437","3064"
"2990","437","3065"
"2991","437","3066"
"2992","437","3067"
"2993","760","3068"
"2994","760","3069"
"2995","760","3070"
"2996","760","3071"
"2997","760","3072"
"2998","760","3073"
"2999","760","3074"
"3002","559","3077"
"3003","371","3078"
"3004","591","3079"
"3005","762","3080"
"3006","339","3081"
"3007","750","3082"
"3008","763","3083"
"3009","763","3084"
"3010","763","3085"
"3011","763","3086"
"3012","763","3087"
"3013","763","3088"
"3014","660","3089"
"3015","566","3090"
"3016","566","3091"
"3017","566","3092"
"3018","566","3093"
"3019","566","3094"
"3020","566","3095"
"3021","566","3096"
"3022","765","3097"
"3023","765","3098"
"3024","765","3099"
"3025","764","3100"
"3027","767","3102"
"3028","768","3103"
"3029","768","3104"
"3030","768","3105"
"3031","769","3106"
"3033","370","3108"
"3034","370","3109"
"3035","454","3110"
"3036","511","3111"
"3037","609","3112"
"3041","757","3116"
"3042","757","3117"
"3044","783","3119"
"3045","738","3120"
"3046","682","3121"
"3509","800","3182"
"3573","5809","3277"
"3653","241","336"
"3654","241","554"
"3655","241","3227"
"3657","281","263"
"3658","281","320"
"3659","85","79"
"3660","85","7"
"3661","85","377"
"3662","85","308"
"3663","85","139"
"3664","159","6"
"3665","159","148"
"3666","159","150"
"3667","236","525"
"3668","236","435"
"3669","236","341"
"3670","236","522"
"3671","229","566"
"3672","810","3205"
"3673","299","3"
"3674","287","4"
"3675","287","509"
"3676","287","539"
"3677","287","316"
"3679","293","352"
"3680","293","500"
"3681","293","396"
"3682","293","545"
"3683","229","434"
"3684","229","428"
"3685","309","512"
"3686","309","504"
"3687","309","560"
"3688","309","379"
"3689","309","376"
"3690","293","3204"
"3691","293","530"
"3692","287","9"
"3693","287","100"
"3694","287","557"
"3695","287","3206"
"3697","801","3186"
"3698","791","3158"
"3699","797","3156"
"3700","798","3149"
"3701","216","322"
"3702","216","498"
"3703","216","503"
"3704","216","556"
"3705","216","386"
"3706","213","528"
"3707","311","397"
"3708","216","527"
"3709","216","514"
"3710","216","3210"
"3711","216","3211"
"3712","216","3212"
"3713","216","3213"
"3715","216","3214"
"3716","216","3215"
"3717","216","3216"
"3718","216","3217"
"3719","216","3218"
"3720","2","458"
"3721","2","348"
"3723","9","56"
"3724","241","349"
"3725","241","529"
"3726","241","543"
"3727","241","523"
"3728","241","454"
"3730","241","120"
"3731","241","466"
"3732","241","532"
"3733","241","372"
"3734","241","464"
"3735","191","30"
"3736","191","200"
"3737","191","300"
"3738","153","29"
"3739","153","88"
"3741","153","256"
"3742","248","1"
"3743","308","2"
"3744","308","401"
"3746","308","3236"
"3748","221","548"
"3749","221","5"
"3750","221","318"
"3751","221","402"
"3752","221","3240"
"3754","221","3242"
"3755","221","3243"
"3756","221","3244"
"3757","221","3245"
"3758","221","3246"
"3759","221","3247"
"3760","221","3241"
"3761","299","3250"
"3762","262","10"
"3763","244","487"
"3764","244","510"
"3765","5806","510"
"3766","244","3261"
"3767","5807","3271"
"3768","5807","3273"
"3769","5807","3275"
"3770","5808","3276"
"3771","5809","3278"
"3772","5809","3279"
"3773","5809","3280"
"3774","263","547"
"3775","5807","3274"
"3776","5317","2637"
"3779","5317","2461"
"3780","5317","3281"
"3781","1","424"
"3782","1","3282"
"3783","1","3283"
"3784","263","473"
"3785","309","3284"
"3786","5810","3285"
"3787","5807","784"
"3788","263","3286"
"3789","5811","1807"
"3790","124","2438"
"3791","5812","13"
"3792","5317","705"
"3793","76","719"
"3794","5813","14"
"3795","79","720"
"3796","182","37"
"3797","224","502"
"3798","639","2360"
"3799","191","301"
"3800","216","3219"
"3801","216","3220"
"3802","281","3228"
"3803","159","3229"
"3804","159","3230"
"3805","159","3231"
"3806","191","3233"
"3807","191","106"
"3808","153","3234"
"3809","221","3294"
"3810","5807","3295"
"3811","5815","754"
"3812","5816","769"
"3814","5817","770"
"3815","229","73"
"3816","5818","771"
"3817","5819","3296"
"3818","5820","772"
"3819","5821","3297"
"3820","5821","3298"
"3821","5822","3299"
"3822","5822","3300"
"3823","5823","3301"
"3826","5825","3303"
"3827","5825","3302"
"3828","5826","3304"
"3829","5827","3305"
"3830","5828","3306"
"3831","5829","3307"
"3832","5830","3308"
"3833","5831","3309"
"3834","283","266"
"3835","283","345"
"3836","283","3310"
"3837","82","3312"
"3838","82","252"
"3839","804","3193"
"3840","5832","3311"
"3841","39","231"
"3842","5833","3313"
"3843","5834","3314"
"3844","5835","3315"
"3845","5836","1515"
"3846","5837","3316"
"3847","105","494"
"3848","5838","3317"
"3849","252","3318"
"3850","5839","2512"
"3851","127","356"
"3852","5840","3319"
"3853","270","471"
"3854","270","540"
"3855","270","505"
"3856","270","456"
"3857","639","2357"
"3858","639","2356"
"3859","639","2355"
"3860","639","2359"
"3861","639","2346"
"3862","639","2347"
"3863","639","2354"
"3865","639","2349"
"3866","639","2353"
"3867","639","2348"
"3868","639","2344"
"3869","639","2352"
"3870","639","2345"
"3871","639","2351"
"3872","639","2350"
"3873","639","2358"
"3874","605","3260"
"3875","605","2163"
"3876","605","2159"
"3877","605","2161"
"3878","605","2043"
"3879","605","2162"
"3880","605","2164"
"3881","605","2166"
"3882","605","2165"
"3883","605","2167"
"3884","605","2044"
"3885","605","2601"
"3886","605","2600"
"3887","153","287"
"3888","153","245"
"3889","554","3248"
"3890","554","1784"
"3891","554","1785"
"3892","554","1786"
"3893","554","1787"
"3894","554","1788"
"3895","554","1789"
"3896","554","1790"
"3897","554","1791"
"3898","554","1792"
"3899","554","1793"
"3900","554","1794"
"3901","308","3237"
"3902","308","3238"
"3903","308","3239"
"3904","299","3255"
"3905","299","3254"
"3906","299","3253"
"3907","299","3252"
"3908","299","3251"
"3909","299","3249"
"3910","299","549"
"3911","221","558"
"3912","221","552"
"3913","159","3232"
"3914","262","3259"
"3915","262","3258"
"3916","262","3257"
"3917","262","3256"
"3918","163","27"
"3919","163","20"
"3920","163","3235"
"3921","683","3101"
"3922","683","3173"
"3923","683","3172"
"3924","683","3170"
"3925","683","3169"
"3926","683","3168"
"3927","683","3167"
"3928","683","3166"
"3929","683","3165"
"3930","683","3164"
"3931","683","3163"
"3932","683","3171"
"3933","683","3174"
"3934","263","23"
"3935","263","204"
"3936","263","224"
"3937","263","447"
"3938","263","452"
"3939","327","3129"
"3940","327","3125"
"3941","327","3107"
"3943","327","613"
"3944","327","612"
"3945","327","611"
"3946","327","610"
"3947","327","609"
"3949","327","598"
"3950","327","599"
"3951","327","600"
"3952","327","601"
"3953","327","602"
"3954","327","605"
"3955","327","606"
"3956","327","607"
"3957","771","3209"
"3958","774","3209"
"3959","771","3113"
"3960","771","3114"
"3961","774","3226"
"3962","774","3225"
"3963","774","3224"
"3964","774","3223"
"3965","774","3222"
"3966","5805","3222"
"3967","774","3115"
"3968","350","700"
"3969","350","702"
"3970","350","703"
"3971","350","706"
"3972","350","707"
"3973","350","708"
"3974","350","709"
"3975","350","710"
"3977","350","711"
"3978","350","712"
"3979","350","713"
"3980","350","714"
"3981","350","715"
"3982","350","716"
"3983","350","717"
"3984","350","2096"
"3985","350","699"
"3986","350","701"
"3987","350","704"
"3988","5803","3127"
"3989","756","3128"
"3990","796","3130"
"3991","785","3131"
"3992","787","3132"
"3993","787","3133"
"3994","787","3134"
"3995","787","3135"
"3996","787","3198"
"3997","789","3136"
"3998","789","3137"
"3999","789","3138"
"4000","789","3139"
"4001","789","3207"
"4002","789","3208"
"4003","794","3152"
"4004","794","3155"
"4005","794","3140"
"4006","794","3141"
"4007","786","3142"
"4008","786","3151"
"4009","798","3143"
"4010","798","3150"
"4011","798","3144"
"4012","5800","3148"
"4013","5801","3148"
"4014","5800","3147"
"4015","5801","3147"
"4016","5800","3146"
"4017","5801","3146"
"4018","5800","3145"
"4019","5801","3145"
"4020","799","3203"
"4021","799","3202"
"4022","799","3201"
"4023","799","3200"
"4024","799","3199"
"4025","799","3153"
"4026","791","3159"
"4027","791","3157"
"4028","797","3181"
"4029","797","3160"
"4030","788","3161"
"4031","792","3162"
"4032","790","3180"
"4033","790","3179"
"4034","790","3178"
"4035","790","3177"
"4036","790","3175"
"4037","5799","3176"
"4038","800","3184"
"4039","800","3183"
"4040","348","3185"
"4041","348","696"
"4042","348","695"
"4043","801","3189"
"4044","801","3187"
"4045","801","3190"
"4046","801","3188"
"4047","267","3192"
"4048","267","3191"
"4049","808","3194"
"4050","805","3195"
"4051","809","3196"
"4052","793","3197"
"4053","5824","2439"
"4054","540","1689"
"4055","540","1675"
"4056","540","1676"
"4057","540","1677"
"4058","540","1678"
"4059","540","1679"
"4060","540","1680"
"4061","540","1682"
"4062","540","1683"
"4063","540","1684"
"4064","540","1690"
"4065","216","493"
"4066","756","3035"
"4067","756","3034"
"4068","5804","3221"
"4069","5806","3262"
"4070","5806","3263"
"4071","5806","3264"
"4072","5806","3265"
"4073","5806","3266"
"4074","5806","3267"
"4075","5806","3268"
"4077","5807","3272"
"4078","5807","3270"
"4079","5807","3269"
"4080","143","718"
"4081","143","230"
"4082","133","2645"
"4083","133","152"
"4084","67","2644"
"4085","67","296"
"4086","67","305"
"4087","67","346"
"4088","5814","3293"
"4090","5814","3292"
"4091","5814","3291"
"4092","5814","3290"
"4093","5814","3289"
"4094","5814","3288"
"4095","5814","3287"
"4096","5814","2853"
"4097","5814","2852"
"4098","5814","2678"
"4099","3","533"
"4100","3","343"
"4101","3","603"
"4102","3","604"
"4103","53","58"
"4104","57","265"
"4105","57","145"
"4106","57","141"
"4107","57","32"
"4108","57","608"
"4109","57","1681"
"4110","62","289"
"4111","306","1685"
"4112","306","381"
"4113","306","438"
"4114","306","457"
"4115","306","486"
"4116","306","518"
"4117","306","564"
"4118","306","417"
"4119","306","1686"
"4120","141","159"
"4121","141","114"
"4122","141","1687"
"4123","259","368"
"4125","5810","1688"
"4126","5810","2990"
"4127","5810","2991"
"4128","259","459"
"4129","259","384"
"4130","259","364"
"4131","259","315"
"4132","259","481"
"4133","259","314"
"4134","259","169"
"4135","5317","461"
"4136","5841","360"
"4137","5842","1573"
"4138","5843","1574"
"4139","532","1645"
"4140","497","1364"
"4141","124","1575"
"4142","124","1576"
"4143","124","1577"
"4144","292","1578"
"4145","292","1579"
"4146","106","1580"
"4147","250","1581"
"4148","250","1582"
"4149","250","1583"
"4150","250","1584"
"4151","250","1585"
"4152","250","1586"
"4153","250","1587"
"4154","250","1588"
"4155","5","255"
"4156","24","1589"
"4157","24","1590"
"4158","24","1591"
"4159","24","1592"
"4160","24","1593"
"4161","24","1594"
"4162","24","1595"
"4163","24","1596"
"4164","24","1597"
"4165","44","1598"
"4166","44","1599"
"4167","44","1600"
"4168","44","1601"
"4169","44","1602"
"4170","44","1603"
"4171","44","1604"
"4172","167","268"
"4173","167","307"
"4174","169","587"
"4175","169","614"
"4176","42","629"
"4177","42","631"
"4178","283","645"
"4179","259","650"
"4180","45","734"
"4181","45","783"
"4182","165","812"
"4183","309","827"
"4184","3","836"
"4185","205","837"
"4186","127","845"
"4187","127","892"
"4188","124","928"
"4189","527","944"
