"id","company_id","game_id"
"19","20","213"
"70","66","10819"
"71","68","10817"
"75","74","5120"
"78","18","7426"
"79","78","9474"
"80","82","7172"
"82","85","5637"
"88","88","6918"
"89","16","9478"
"90","91","2568"
"91","93","3336"
"92","94","3848"
"93","95","4872"
"95","96","1291"
"99","99","7435"
"100","100","7435"
"101","18","7435"
"102","9","3340"
"103","102","9"
"106","108","5688"
"120","62","125"
"124","118","178"
"125","91","198"
"126","23","1294"
"128","106","324"
"130","123","347"
"131","106","347"
"132","18","347"
"133","16","412"
"136","16","479"
"138","126","436"
"139","202","45"
"140","16","45"
"272","74","5939"
"296","200","2053"
"315","41","2097"
"352","41","2205"
"353","41","10248"
"354","41","1225"
"368","11","2204"
"369","106","2204"
"370","141","2204"
"371","74","3251"
"472","138","10246"
"473","202","10246"
"474","138","250"
"475","193","250"
"476","11","1809"
"477","138","1809"
"478","138","7851"
"479","138","10056"
"480","138","6971"
"490","138","4614"
"491","138","1470"
"497","138","3182"
"508","138","3778"
"509","138","8319"
"510","272","3067"
"514","31","2939"
"515","202","2939"
"519","279","2762"
"520","34","2762"
"523","191","2735"
"524","177","2735"
"539","177","9400"
"540","191","6532"
"541","177","6532"
"542","294","6532"
"543","202","6532"
"560","138","2968"
"602","68","2770"
"605","310","5160"
"606","202","5160"
"613","4","9080"
"614","202","9080"
"615","4","7206"
"616","68","4331"
"617","151","9220"
"618","307","9220"
"619","62","9220"
"620","106","3642"
"621","18","3642"
"629","41","3660"
"630","41","732"
"631","41","3603"
"632","41","10786"
"633","41","5875"
"634","41","473"
"635","41","8514"
"636","41","7517"
"677","18","667"
"683","34","3699"
"687","91","3706"
"711","292","3736"
"712","338","7627"
"713","345","7627"
"722","352","3728"
"723","353","3728"
"724","73","3728"
"725","31","3728"
"726","354","3732"
"732","25","7501"
"733","206","7501"
"734","123","7501"
"735","18","7501"
"736","202","7501"
"737","68","7499"
"744","360","4647"
"745","361","4647"
"746","18","7602"
"747","68","10587"
"811","379","4929"
"812","202","2074"
"833","151","5424"
"839","390","5325"
"840","16","5245"
"843","394","5492"
"846","18","6366"
"849","68","4847"
"850","68","4900"
"852","400","6261"
"870","405","5998"
"871","402","5998"
"872","406","5998"
"873","209","5998"
"874","141","5998"
"876","409","5974"
"877","104","5974"
"890","413","5793"
"891","4","5793"
"892","23","5793"
"897","23","5776"
"982","180","10696"
"984","406","9990"
"985","16","5567"
"1036","284","8451"
"1040","91","7072"
"1043","452","8431"
"1122","104","7071"
"1136","91","7065"
"1137","91","7100"
"1152","68","6848"
"1176","487","3396"
"1183","41","3528"
"1184","41","3522"
"1186","41","2512"
"1187","493","4423"
"1189","41","9516"
"1190","41","1373"
"1213","107","8103"
"1259","161","9017"
"1260","338","9017"
"1269","200","7010"
"1270","41","6931"
"1271","141","6931"
"1319","18","3314"
"1320","148","8055"
"1321","107","8285"
"1322","131","8285"
"1324","548","1503"
"1325","4","6991"
"1326","193","6991"
"1327","91","278"
"1328","91","5750"
"1331","74","5868"
"1332","187","5868"
"1333","74","7852"
"1334","553","1110"
"1335","553","5845"
"1336","91","5845"
"1337","91","2558"
"1338","91","2610"
"1339","91","5626"
"1340","91","8985"
"1341","91","1855"
"1342","91","8670"
"1343","91","1172"
"1344","91","7046"
"1345","135","7046"
"1346","91","2776"
"1408","23","6911"
"1413","141","7476"
"1414","136","7480"
"1419","22","7451"
"1421","575","7302"
"1458","202","6920"
"1459","18","6920"
"1460","202","1951"
"1461","202","9728"
"1462","18","9728"
"1463","202","9288"
"1464","272","9654"
"1465","202","9654"
"1470","583","5899"
"1471","406","5899"
"1472","135","5899"
"1473","29","5899"
"1474","583","7569"
"1475","406","7569"
"1476","583","3683"
"1477","584","3683"
"1478","583","10667"
"1479","584","10667"
"1480","402","3560"
"1522","41","720"
"1523","590","3004"
"1524","600","3004"
"1527","590","3232"
"1528","600","3232"
"1529","590","3698"
"1530","590","3408"
"1531","590","10229"
"1532","590","10237"
"1533","590","10087"
"1545","432","4094"
"1546","601","4094"
"1547","602","4094"
"1548","603","4094"
"1549","432","4771"
"1550","601","4771"
"1551","432","5964"
"1552","601","5964"
"1553","432","7549"
"1573","93","1087"
"1574","117","1087"
"1575","608","1087"
"1576","93","7174"
"1577","93","7620"
"1578","117","7620"
"1580","93","9490"
"1581","28","713"
"1582","29","713"
"1583","107","9364"
"1584","16","9364"
"1585","50","9364"
"1586","16","1887"
"1587","202","1887"
"1648","11","3261"
"1649","11","2591"
"1650","11","5523"
"1651","57","5523"
"1652","11","1821"
"1653","34","1821"
"1654","11","1630"
"1671","93","9471"
"1677","41","10457"
"1678","202","10457"
"1679","68","10365"
"1682","629","7275"
"1697","202","7803"
"1698","202","7024"
"1699","202","3956"
"1729","16","1929"
"1730","16","7983"
"1823","106","4881"
"1824","661","4881"
"1825","41","4881"
"1826","106","10675"
"1827","661","10675"
"1828","106","8913"
"1829","661","8913"
"1830","106","1170"
"1831","661","1170"
"1834","106","1344"
"1835","661","1344"
"1836","106","1182"
"1837","661","1182"
"1838","106","1228"
"1892","284","9345"
"1893","284","1151"
"1894","284","1206"
"1897","284","1269"
"1898","107","1269"
"1899","284","5100"
"1900","34","5100"
"1901","284","1392"
"1902","284","9968"
"1903","284","6469"
"1904","284","9574"
"1905","284","9390"
"1906","284","8791"
"1907","284","1368"
"1908","23","8269"
"1916","68","10392"
"1917","202","10392"
"1918","4","10634"
"1919","68","10634"
"1920","202","10634"
"1921","68","5504"
"1922","68","440"
"1923","68","3836"
"1924","202","3836"
"1925","68","10648"
"1926","202","10648"
"1932","34","8265"
"1933","68","2365"
"1934","4","3677"
"1935","34","3677"
"1936","68","3886"
"1937","4","3886"
"1938","68","3079"
"1949","20","3764"
"1950","595","5670"
"1953","4","1521"
"1963","41","3266"
"1964","11","10492"
"1965","151","2754"
"1966","65","2754"
"1967","202","2754"
"1968","23","4290"
"1969","73","4290"
"1970","23","8128"
"1971","23","10521"
"1972","23","8802"
"1973","702","5824"
"1974","11","2496"
"1976","11","3537"
"1977","238","9919"
"1978","284","676"
"1979","284","10065"
"1980","18","10065"
"1981","284","8786"
"1982","188","7615"
"1983","188","6111"
"1984","188","7300"
"1986","18","7103"
"1987","34","7103"
"1991","106","446"
"1992","707","5566"
"1998","191","702"
"2000","713","2749"
"2003","23","9404"
"2014","720","7047"
"2016","627","6464"
"2017","107","6464"
"2018","18","1550"
"2019","193","1550"
"2020","29","1550"
"2021","107","4019"
"2022","107","6680"
"2023","107","870"
"2024","720","794"
"2025","718","5606"
"2026","719","5743"
"2027","107","3755"
"2028","156","1217"
"2029","16","1217"
"2030","193","1217"
"2031","202","1217"
"2032","16","8883"
"2033","495","6059"
"2034","151","6059"
"2035","50","6059"
"2036","718","9132"
"2037","202","9132"
"2038","718","5214"
"2039","718","8731"
"2040","718","7235"
"2058","488","8800"
"2059","488","8432"
"2063","645","8201"
"2064","737","4710"
"2065","645","4710"
"2066","29","4710"
"2082","74","1884"
"2083","188","1884"
"2084","74","2437"
"2085","188","2437"
"2086","125","4119"
"2087","188","4119"
"2090","202","10466"
"2091","406","10466"
"2092","756","10466"
"2093","757","10466"
"2094","374","10466"
"2095","202","10162"
"2096","758","10162"
"2097","374","10162"
"2100","202","1195"
"2101","759","1195"
"2102","141","1195"
"2103","760","1195"
"2104","761","1195"
"2105","762","1195"
"2128","490","215"
"2134","29","32"
"2135","773","30"
"2151","4","4291"
"2173","720","7777"
"2177","401","9847"
"2185","785","560"
"2186","786","7945"
"2202","792","334"
"2203","792","3665"
"2204","49","6697"
"2205","29","6697"
"2206","49","5553"
"2207","29","5553"
"2208","781","4965"
"2209","104","4965"
"2210","209","329"
"2211","34","329"
"2212","209","2628"
"2213","29","2628"
"2214","781","1489"
"2215","29","1489"
"2216","781","9237"
"2262","50","280"
"2263","50","10088"
"2264","106","8919"
"2265","106","4761"
"2266","106","8158"
"2272","810","80"
"2273","810","103"
"2274","810","9722"
"2277","400","439"
"2286","673","5374"
"2294","402","10570"
"2300","188","8325"
"2306","64","10868"
"2329","140","4340"
"2342","871","600"
"2343","872","461"
"2345","872","9273"
"2346","284","4692"
"2347","872","8205"
"2348","872","5127"
"2349","488","2463"
"2350","488","470"
"2356","188","4902"
"2357","188","8702"
"2358","876","4200"
"2359","188","881"
"2360","876","881"
"2361","188","2592"
"2362","876","2592"
"2363","188","10240"
"2364","876","10240"
"2365","188","7638"
"2366","876","7638"
"2367","188","7069"
"2368","876","7069"
"2369","188","8193"
"2370","876","8193"
"2371","188","6179"
"2372","876","6179"
"2373","188","2771"
"2374","876","2771"
"2375","188","2111"
"2376","876","2111"
"2377","188","9954"
"2378","876","9954"
"2381","188","2732"
"2382","876","2732"
"2383","188","1666"
"2384","188","5730"
"2385","188","5232"
"2386","876","5232"
"2387","188","6129"
"2388","876","6129"
"2389","188","455"
"2390","876","455"
"2412","677","7930"
"2420","892","348"
"2423","66","4606"
"2426","901","6220"
"2430","491","273"
"2445","68","3923"
"2448","915","18007"
"2454","921","13698"
"2457","9","20455"
"2458","925","2593"
"2459","9","22900"
"2471","937","22845"
"2473","939","22828"
"2478","937","22793"
"2481","943","22779"
"2482","944","22776"
"2486","948","21760"
"2487","950","8704"
"2488","23","9011"
"2502","963","11825"
"2503","964","15643"
"2504","965","16809"
"2506","49","20057"
"2507","968","20057"
"2508","971","22293"
"2509","975","6674"
"2516","978","5719"
"2517","978","18739"
"2521","981","4098"
"2533","982","23074"
"2536","406","4993"
"2537","34","4993"
"2538","984","2457"
"2541","781","16478"
"2542","781","22614"
"2546","64","10319"
"2547","34","10319"
"2548","64","4861"
"2549","202","4861"
"2550","64","4476"
"2551","34","4476"
"2553","64","18972"
"2559","202","6314"
"2560","990","9550"
"2562","126","1682"
"2563","960","8888"
"2564","994","20003"
"2569","68","2787"
"2581","998","4650"
"2582","29","4650"
"2583","710","8400"
"2584","34","369"
"2585","406","3663"
"2586","29","3663"
"2589","777","1"
"2590","1001","10247"
"2592","1002","14427"
"2593","1003","23175"
"2595","41","15090"
"2597","1007","7866"
"2598","336","7866"
"2601","1010","22279"
"2606","91","3618"
"2607","202","3618"
"2608","655","8166"
"2611","1016","18510"
"2613","1018","10799"
"2614","1019","9169"
"2615","707","2396"
"2619","62","7652"
"2621","632","8831"
"2622","138","6312"
"2623","187","6312"
"2624","1030","6312"
"2625","773","10386"
"2628","16","11945"
"2630","123","11655"
"2631","43","11655"
"2632","1033","14006"
"2641","1037","15333"
"2645","792","9264"
"2649","1043","10129"
"2656","23","15480"
"2660","1050","11505"
"2680","1053","4721"
"2684","41","19510"
"2685","406","9639"
"2686","18","12822"
"2688","402","381"
"2691","104","9849"
"2703","1070","10198"
"2712","202","4592"
"2721","244","8423"
"2722","29","8423"
"2725","188","265"
"2726","710","4201"
"2728","50","14099"
"2729","1086","17131"
"2734","1055","22119"
"2735","1091","16223"
"2736","428","1104"
"2749","68","15107"
"2755","43","16395"
"2760","1102","8557"
"2767","960","7799"
"2768","1099","17559"
"2769","1098","8030"
"2778","68","6318"
"2780","253","9522"
"2784","740","10863"
"2794","533","108"
"2796","34","17"
"2798","1107","300"
"2799","491","16114"
"2802","805","11937"
"2803","74","20384"
"2804","187","20384"
"2805","1111","13410"
"2806","772","21089"
"2807","718","13315"
"2811","148","12212"
"2813","1115","18757"
"2815","86","15422"
"2816","86","6150"
"2817","16","6150"
"2818","86","9213"
"2819","1116","9213"
"2822","86","7597"
"2823","1116","7597"
"2825","1116","5856"
"2826","86","13729"
"2827","1116","13729"
"2829","1119","2759"
"2831","202","3029"
"2832","1121","10621"
"2833","34","7130"
"2834","104","1452"
"2835","104","9748"
"2837","792","7697"
"2838","707","2300"
"2844","148","19991"
"2845","1130","3331"
"2848","304","20483"
"2851","1011","4883"
"2852","1089","8355"
"2853","34","8355"
"2856","1131","3395"
"2857","22","3395"
"2858","1132","11083"
"2860","1133","22768"
"2865","319","13841"
"2866","202","13841"
"2867","765","12185"
"2868","31","14307"
"2870","162","841"
"2871","1135","11232"
"2873","1136","1439"
"2874","1139","18170"
"2875","1138","18170"
"2876","1140","18170"
"2877","1141","18170"
"2880","772","5179"
"2881","1144","8878"
"2882","792","5102"
"2883","41","7981"
"2889","889","320"
"2901","890","9281"
"2903","1150","5130"
"2904","131","177"
"2905","202","177"
"2907","41","4962"
"2908","986","2811"
"2909","202","2811"
"2913","202","5988"
"2914","136","5988"
"2915","74","5988"
"2918","148","3317"
"2930","140","22876"
"2932","140","3003"
"2935","1151","11435"
"2936","1151","8263"
"2938","491","9229"
"2939","1152","734"
"2941","135","10444"
"2944","710","9536"
"2947","18","9394"
"2948","34","9394"
"2950","710","3108"
"2952","57","10083"
"2953","34","10433"
"2955","1155","7972"
"2956","1155","7331"
"2958","1156","5849"
"2960","9","37"
"2962","9","7325"
"2963","9","10854"
"2964","9","22825"
"2965","140","5797"
"2966","202","5797"
"2969","148","5744"
"2970","202","5744"
"2972","91","7251"
"2973","140","20338"
"2975","1072","10014"
"2976","64","10014"
"2980","188","5113"
"2981","876","5113"
"2982","402","14542"
"2986","4","16950"
"2987","1039","133"
"2988","64","5363"
"2989","64","530"
"2990","1158","10250"
"2994","34","9917"
"2995","1160","2007"
"2997","1162","8939"
"2999","74","680"
"3002","23","10832"
"3005","773","5104"
"3006","1166","1374"
"3007","1168","6379"
"3008","202","1888"
"3010","1169","4630"
"3011","1171","9939"
"3012","28","214"
"3014","1172","14465"
"3015","28","3464"
"3016","23","15381"
"3017","1174","16808"
"3018","1175","16808"
"3021","36","6735"
"3023","1178","3870"
"3024","149","6132"
"3025","23","20599"
"3026","41","20599"
"3027","73","20599"
"3029","1179","2037"
"3030","595","13414"
"3031","1018","8473"
"3032","202","9900"
"3036","1182","6649"
"3037","1109","18603"
"3038","1110","18603"
"3039","1009","3343"
"3040","792","8812"
"3041","792","8708"
"3042","50","3006"
"3043","41","22463"
"3046","1186","150"
"3047","1187","11766"
"3048","202","2779"
"3049","202","9161"
"3050","202","1966"
"3051","202","1358"
"3052","202","7126"
"3053","202","2291"
"3054","202","8560"
"3055","202","626"
"3056","1190","1115"
"3057","16","14349"
"3058","1192","15606"
"3059","18","6072"
"3060","336","6322"
"3061","148","7068"
"3063","202","2"
"3064","1081","22976"
"3066","1197","9755"
"3067","692","10834"
"3068","692","1453"
"3070","41","6837"
"3071","104","8338"
"3072","400","8338"
"3073","1199","5"
"3076","1201","7"
"3077","429","7894"
"3078","62","873"
"3088","53","3416"
"3089","53","10488"
"3093","735","4072"
"3094","1205","4072"
"3095","62","4072"
"3096","9","17101"
"3097","489","7371"
"3098","488","2468"
"3099","489","2468"
"3100","735","2468"
"3101","489","2227"
"3102","490","2227"
"3103","488","2227"
"3104","1207","13"
"3106","947","19"
"3107","37","10843"
"3108","9","10823"
"3111","9","10821"
"3112","202","10821"
"3113","68","1390"
"3116","4","10825"
"3117","4","10227"
"3118","21","6206"
"3120","4","9587"
"3121","18","8167"
"3123","18","10826"
"3127","140","5144"
"3128","68","7473"
"3130","18","1090"
"3131","11","9194"
"3132","202","7533"
"3133","74","7533"
"3136","68","6775"
"3137","74","8880"
"3138","74","6499"
"3142","74","1804"
"3143","18","1804"
"3144","34","1804"
"3145","74","13260"
"3146","4","117"
"3149","68","538"
"3150","68","4490"
"3157","21","8059"
"3161","117","6251"
"3164","21","10238"
"3165","74","10238"
"3166","21","111"
"3167","18","111"
"3168","68","111"
"3169","16","6221"
"3170","202","6221"
"3171","68","4199"
"3172","202","4199"
"3173","68","342"
"3174","202","9884"
"3175","50","9884"
"3176","36","9884"
"3177","212","9884"
"3184","62","1124"
"3185","749","1124"
"3186","24","6136"
"3187","24","8488"
"3188","9","8488"
"3189","25","3807"
"3190","202","3807"
"3192","24","7453"
"3193","24","8466"
"3194","24","15463"
"3195","11","9689"
"3196","166","6032"
"3197","1210","6032"
"3198","1211","6032"
"3199","106","10839"
"3201","106","6790"
"3205","177","2893"
"3206","136","2893"
"3207","202","2893"
"3208","202","8507"
"3209","136","8507"
"3210","136","8940"
"3211","202","8940"
"3212","202","1748"
"3213","74","1748"
"3214","50","1748"
"3215","141","1748"
"3216","136","4643"
"3217","136","1838"
"3218","50","1838"
"3219","175","6963"
"3220","176","6963"
"3221","177","6963"
"3222","140","2182"
"3223","140","1620"
"3224","140","6394"
"3225","18","6394"
"3226","29","6394"
"3227","202","6394"
"3228","401","607"
"3229","140","607"
"3230","29","607"
"3231","202","607"
"3232","140","8937"
"3233","202","8937"
"3234","140","20887"
"3235","140","761"
"3236","62","10118"
"3237","401","5904"
"3238","202","5904"
"3239","401","6186"
"3240","401","3394"
"3241","202","3394"
"3242","401","1183"
"3243","402","6013"
"3244","140","5632"
"3245","232","5632"
"3246","202","5632"
"3247","140","2072"
"3248","202","2072"
"3249","140","10442"
"3250","202","10442"
"3251","117","6999"
"3252","202","6999"
"3253","117","10215"
"3254","234","3627"
"3255","117","3627"
"3256","202","3627"
"3257","117","10373"
"3258","11","2341"
"3259","4","10791"
"3262","4","9289"
"3264","4","6284"
"3265","4","10833"
"3266","4","10842"
"3268","4","10148"
"3269","140","9844"
"3271","91","9524"
"3272","140","22802"
"3273","1214","24"
"3274","1215","27"
"3275","91","27"
"3276","1214","494"
"3277","1216","10733"
"3278","1217","10733"
"3279","91","10733"
"3280","91","4584"
"3281","140","4584"
"3282","140","28"
"3285","31","6864"
"3286","762","6864"
"3289","29","7539"
"3290","31","31"
"3291","151","8832"
"3292","4","8832"
"3293","50","8832"
"3296","151","7050"
"3297","34","7050"
"3300","151","35"
"3301","151","36"
"3302","161","3953"
"3303","107","3953"
"3304","156","3953"
"3305","512","3953"
"3306","187","3953"
"3307","514","3953"
"3308","161","5347"
"3309","156","5347"
"3310","161","6678"
"3311","511","6678"
"3312","156","6678"
"3313","338","6678"
"3314","514","6678"
"3315","161","8155"
"3316","161","8367"
"3317","161","8616"
"3319","161","8361"
"3321","4","1168"
"3322","202","1168"
"3324","4","2553"
"3325","161","3822"
"3326","161","10187"
"3327","590","3325"
"3328","590","3957"
"3329","595","3957"
"3331","590","7522"
"3332","590","1795"
"3333","188","1795"
"3334","590","3468"
"3335","590","1327"
"3336","590","11927"
"3337","590","7844"
"3338","590","196"
"3339","593","941"
"3340","590","941"
"3341","590","1222"
"3342","590","1119"
"3343","16","1272"
"3344","590","1272"
"3345","590","1910"
"3346","590","1341"
"3347","123","1341"
"3348","596","1341"
"3349","16","52"
"3350","68","38"
"3351","1221","38"
"3352","91","3244"
"3353","91","6954"
"3354","16","6954"
"3355","1210","6954"
"3356","16","10754"
"3357","16","5943"
"3358","202","5943"
"3359","16","8224"
"3360","756","8224"
"3361","1210","8224"
"3362","16","1325"
"3363","16","5590"
"3364","16","40"
"3366","16","41"
"3367","16","10841"
"3368","16","49"
"3369","16","51"
"3370","16","53"
"3373","66","55"
"3374","16","55"
"3375","16","57"
"3376","91","7049"
"3377","202","7049"
"3378","91","6295"
"3379","34","6295"
"3380","385","6295"
"3381","43","2634"
"3384","1222","8209"
"3385","43","8209"
"3386","43","4702"
"3387","74","5766"
"3388","74","8521"
"3389","187","8521"
"3390","74","6050"
"3391","187","6050"
"3392","29","6050"
"3393","74","5910"
"3394","187","5910"
"3395","29","5910"
"3396","74","8988"
"3397","34","8988"
"3398","202","6583"
"3399","74","6583"
"3400","107","6583"
"3401","202","6890"
"3402","74","6890"
"3403","74","20656"
"3404","74","9360"
"3405","188","9360"
"3406","74","10851"
"3407","41","10851"
"3408","74","1505"
"3409","188","1505"
"3410","189","1505"
"3411","107","1505"
"3414","74","9802"
"3415","107","9802"
"3416","74","9778"
"3417","202","4715"
"3418","74","4715"
"3419","68","2366"
"3420","68","9514"
"3421","68","7774"
"3422","202","1644"
"3423","68","1644"
"3424","202","10326"
"3425","68","10326"
"3426","68","4148"
"3427","68","3278"
"3428","289","7360"
"3429","289","60"
"3430","289","39"
"3432","107","63"
"3433","107","4691"
"3434","141","4691"
"3437","107","948"
"3438","29","948"
"3440","34","4254"
"3441","1226","7942"
"3443","16","8916"
"3444","1228","5917"
"3446","202","3146"
"3447","202","9913"
"3448","202","5664"
"3449","202","7269"
"3450","304","8712"
"3451","107","8712"
"3452","304","8178"
"3453","305","8178"
"3454","306","8178"
"3455","304","1296"
"3456","43","1296"
"3457","141","1296"
"3458","107","1296"
"3459","202","1296"
"3460","104","3327"
"3461","209","3327"
"3462","135","3327"
"3463","43","8885"
"3464","960","18411"
"3465","141","3824"
"3466","22","3824"
"3467","50","3824"
"3468","141","42"
"3469","131","42"
"3470","68","42"
"3471","202","42"
"3472","50","42"
"3482","22","65"
"3483","22","68"
"3484","141","68"
"3485","22","71"
"3486","141","71"
"3487","141","73"
"3488","141","74"
"3489","117","435"
"3490","401","9695"
"3496","64","5940"
"3497","64","1688"
"3498","64","2160"
"3499","64","10503"
"3501","202","5704"
"3502","202","1873"
"3503","11","9807"
"3504","11","10849"
"3507","11","1711"
"3508","34","1711"
"3509","11","1441"
"3510","34","1441"
"3511","106","10850"
"3512","165","6075"
"3513","29","3899"
"3514","18","1568"
"3515","29","1568"
"3516","18","6209"
"3517","29","6209"
"3518","18","5483"
"3519","29","5483"
"3520","18","7080"
"3521","250","1931"
"3522","250","3799"
"3523","252","2740"
"3524","29","5533"
"3525","18","723"
"3526","401","75"
"3528","202","1211"
"3529","202","5212"
"3530","401","5212"
"3531","23","8308"
"3532","202","8474"
"3537","50","4856"
"3538","104","7527"
"3539","31","7527"
"3540","202","2625"
"3541","779","2625"
"3542","202","1519"
"3543","31","1519"
"3544","36","7788"
"3545","131","10731"
"3546","104","6659"
"3547","18","520"
"3548","50","520"
"3549","65","520"
"3550","49","7598"
"3551","29","7598"
"3552","347","7613"
"3554","244","5909"
"3557","91","3107"
"3558","202","3107"
"3559","22","6137"
"3560","107","8077"
"3563","383","6244"
"3564","107","6244"
"3565","20","5972"
"3566","36","5972"
"3567","107","7686"
"3568","107","76"
"3569","781","76"
"3570","960","23062"
"3571","64","7672"
"3572","68","7672"
"3573","206","7672"
"3574","68","2505"
"3575","68","6895"
"3576","68","10571"
"3583","68","4742"
"3584","68","5131"
"3588","65","9656"
"3589","4","9656"
"3590","28","9656"
"3591","206","9656"
"3592","202","9656"
"3593","65","9635"
"3594","4","9635"
"3595","23","9635"
"3596","202","9635"
"3597","31","5032"
"3598","238","7340"
"3599","763","7340"
"3600","238","8613"
"3601","202","8613"
"3603","238","4945"
"3606","18","2690"
"3607","18","5906"
"3608","334","5906"
"3609","18","2414"
"3610","334","2414"
"3611","18","3111"
"3617","18","3684"
"3618","50","3684"
"3619","53","1822"
"3620","53","9008"
"3621","53","682"
"3622","55","7975"
"3623","55","10519"
"3624","55","9126"
"3625","50","9126"
"3626","55","7455"
"3629","53","637"
"3630","50","637"
"3631","55","617"
"3632","57","617"
"3633","50","617"
"3639","55","5352"
"3640","50","5352"
"3644","202","9359"
"3645","50","9359"
"3646","18","9359"
"3647","18","4179"
"3648","202","4179"
"3649","50","4179"
"3650","18","10844"
"3657","18","10296"
"3665","18","1063"
"3666","18","4719"
"3668","18","7389"
"3670","18","4486"
"3673","18","5013"
"3674","29","5013"
"3675","18","8563"
"3676","29","8563"
"3678","18","184"
"3679","18","7236"
"3680","29","7236"
"3681","18","8978"
"3682","29","8978"
"3683","374","8978"
"3684","202","8978"
"3685","18","5044"
"3686","18","4283"
"3688","18","88"
"3689","18","8471"
"3690","374","8471"
"3691","18","1533"
"3692","18","5747"
"3693","202","5747"
"3694","18","78"
"3695","18","83"
"3696","18","6098"
"3697","29","6098"
"3698","18","10853"
"3699","18","87"
"3700","91","7988"
"3703","1242","9546"
"3704","68","9546"
"3705","423","5679"
"3706","108","5679"
"3707","104","5679"
"3711","123","6990"
"3712","141","6990"
"3713","29","6990"
"3716","123","89"
"3717","141","89"
"3718","191","3604"
"3719","202","3604"
"3720","136","3604"
"3721","192","3604"
"3722","193","3604"
"3725","202","2069"
"3726","136","2069"
"3727","136","2760"
"3728","202","2760"
"3730","68","1146"
"3731","20","1719"
"3732","209","1719"
"3733","34","1719"
"3736","20","3392"
"3737","202","3392"
"3738","1243","1410"
"3739","1244","8917"
"3740","9","9594"
"3741","305","10374"
"3742","140","1998"
"3747","401","22"
"3749","720","338"
"3750","284","338"
"3762","401","8018"
"3763","177","8018"
"3764","202","8018"
"3765","401","6087"
"3766","68","93"
"3767","68","94"
"3768","68","754"
"3770","68","1999"
"3771","68","1409"
"3772","68","3097"
"3773","68","9549"
"3774","202","9549"
"3776","68","8614"
"3777","68","8428"
"3778","68","8801"
"3779","68","768"
"3780","256","7958"
"3781","254","5115"
"3782","135","5115"
"3783","202","5115"
"3784","68","4105"
"3785","202","4105"
"3786","68","9606"
"3787","16","9606"
"3788","68","7889"
"3789","74","1467"
"3790","202","1467"
"3791","431","6767"
"3792","238","2510"
"3793","238","2416"
"3802","763","3966"
"3805","64","9612"
"3806","68","98"
"3808","68","10642"
"3810","68","9875"
"3813","68","2393"
"3814","217","2393"
"3815","180","99"
"3816","180","106"
"3818","180","107"
"3819","180","110"
"3820","180","855"
"3824","180","9348"
"3825","91","9348"
"3826","34","9348"
"3827","180","6383"
"3828","180","112"
"3829","180","113"
"3830","180","114"
"3831","180","10835"
"3832","180","115"
"3833","180","118"
"3834","180","119"
"3835","180","120"
"3836","1248","1406"
"3837","1249","1406"
"3838","91","122"
"3839","91","124"
"3841","91","4746"
"3842","91","10327"
"3843","91","10282"
"3845","91","7868"
"3846","617","5826"
"3847","91","1944"
"3850","91","292"
"3851","135","292"
"3852","91","6422"
"3853","135","6422"
"3854","148","6422"
"3855","141","6422"
"3856","202","6422"
"3857","91","2543"
"3858","91","10119"
"3859","34","10119"
"3860","385","10119"
"3861","91","203"
"3862","34","203"
"3863","385","203"
"3864","91","4805"
"3865","106","4805"
"3866","202","4805"
"3867","91","7639"
"3868","141","7639"
"3869","106","7639"
"3870","202","7639"
"3874","91","5067"
"3875","106","5067"
"3876","34","5067"
"3879","91","2255"
"3880","34","2255"
"3881","91","7926"
"3882","34","7926"
"3883","91","10084"
"3884","34","10084"
"3886","91","2688"
"3887","91","17147"
"3888","202","17147"
"3889","9","9395"
"3890","672","1964"
"3891","410","1964"
"3892","673","1964"
"3893","674","1964"
"3895","23","1117"
"3896","23","4255"
"3897","23","9155"
"3898","23","4310"
"3899","74","5522"
"3900","16","7405"
"3901","23","1485"
"3903","23","3724"
"3905","23","7704"
"3906","23","9476"
"3908","23","6561"
"3909","23","3846"
"3910","34","3846"
"3911","18","2026"
"3912","18","13564"
"3913","18","9175"
"3914","50","9175"
"3915","18","3880"
"3916","50","3880"
"3917","18","1701"
"3918","50","1701"
"3919","18","2927"
"3920","18","20200"
"3921","39","10673"
"3922","23","10673"
"3923","202","10673"
"3924","23","286"
"3925","23","9556"
"3926","107","128"
"3927","65","5430"
"3928","107","5430"
"3929","107","7915"
"3930","43","7915"
"3933","43","5975"
"3935","43","2808"
"3936","43","129"
"3937","136","9195"
"3939","140","3429"
"3940","140","9908"
"3941","202","9908"
"3942","140","132"
"3943","140","8604"
"3944","202","8604"
"3949","1254","5407"
"3950","188","5407"
"3951","584","5407"
"3952","16","5407"
"3956","1255","136"
"3957","1254","136"
"3958","188","136"
"3959","74","136"
"3960","1254","7831"
"3961","188","7831"
"3962","41","7831"
"3963","188","137"
"3964","1254","137"
"3965","1258","137"
"3966","187","137"
"3967","1259","137"
"3968","401","7910"
"3969","401","4362"
"3970","106","4499"
"3971","34","4499"
"3975","238","3054"
"3976","238","9879"
"3977","423","9879"
"3978","1168","138"
"3979","74","138"
"3980","156","138"
"3981","93","138"
"3982","1254","141"
"3983","432","142"
"3984","1254","143"
"3985","11","8439"
"3986","773","148"
"3988","720","9829"
"3989","720","1819"
"3990","720","3326"
"3991","720","144"
"3992","93","145"
"3993","401","146"
"3994","401","7213"
"3995","202","7213"
"4000","401","5737"
"4002","1022","9127"
"4003","387","10610"
"4005","9","5302"
"4007","830","1385"
"4008","830","151"
"4009","830","8506"
"4010","892","7084"
"4012","1267","5891"
"4013","91","8457"
"4014","34","8457"
"4015","402","866"
"4016","319","4960"
"4017","491","2567"
"4018","319","2567"
"4019","491","152"
"4021","1096","783"
"4022","1269","153"
"4023","1270","153"
"4024","16","155"
"4029","64","160"
"4030","1096","8046"
"4031","1272","161"
"4032","1096","162"
"4036","493","10829"
"4037","11","10830"
"4038","41","10831"
"4039","443","10831"
"4040","131","4752"
"4042","28","6907"
"4045","18","5491"
"4046","304","5491"
"4049","1277","10837"
"4050","1278","1564"
"4052","1279","10824"
"4053","126","2726"
"4054","156","173"
"4055","148","173"
"4056","148","172"
"4057","74","165"
"4060","23","164"
"4061","68","164"
"4063","23","9107"
"4064","23","5525"
"4065","23","5429"
"4066","23","9664"
"4068","22","10794"
"4069","202","10794"
"4070","4","7560"
"4071","34","7560"
"4072","4","5810"
"4073","34","5810"
"4074","202","5810"
"4076","4","174"
"4077","131","175"
"4078","22","179"
"4079","131","180"
"4080","68","3012"
"4081","135","3012"
"4082","202","3012"
"4083","68","1348"
"4084","106","181"
"4086","106","10682"
"4087","106","2123"
"4090","55","2009"
"4091","50","2009"
"4095","21","3564"
"4096","18","3564"
"4097","68","3564"
"4098","21","233"
"4099","22","233"
"4100","91","4806"
"4101","107","4640"
"4102","49","384"
"4103","29","384"
"4104","913","20736"
"4105","47","465"
"4111","367","2744"
"4112","368","2744"
"4113","18","2744"
"4114","369","2744"
"4115","44","579"
"4116","44","12129"
"4117","401","3310"
"4118","64","924"
"4119","34","924"
"4120","64","5759"
"4121","374","5759"
"4122","34","3860"
"4125","68","10743"
"4126","17","10743"
"4127","43","9890"
"4128","50","9890"
"4129","17","2297"
"4130","62","495"
"4131","304","6323"
"4132","304","4544"
"4133","304","3790"
"4134","1275","311"
"4135","1275","10836"
"4137","11","890"
"4138","28","1305"
"4139","18","343"
"4140","18","10003"
"4141","140","10793"
"4142","22","8429"
"4143","131","10443"
"4144","22","1421"
"4145","21","3367"
"4146","1286","97"
"4147","998","182"
"4148","22","185"
"4150","21","188"
"4151","21","3148"
"4152","21","2785"
"4154","21","189"
"4159","202","10649"
"4160","202","7283"
"4161","18","7283"
"4165","202","1716"
"4169","202","1376"
"4172","202","3767"
"4173","370","6906"
"4174","202","8663"
"4176","1287","5304"
"4180","1287","5496"
"4181","1288","5496"
"4182","74","5496"
"4184","1287","186"
"4186","1287","199"
"4189","1287","194"
"4190","998","194"
"4191","1287","1143"
"4193","18","192"
"4194","1287","191"
"4195","117","5592"
"4196","202","5592"
"4197","117","1017"
"4198","202","1017"
"4201","28","7540"
"4202","29","7540"
"4206","116","156"
"4207","117","156"
"4208","29","156"
"4210","117","3435"
"4220","1287","201"
"4221","1287","204"
"4224","1287","206"
"4225","998","206"
"4227","1287","210"
"4232","1287","211"
"4233","584","211"
"4235","1287","212"
"4241","1287","219"
"4242","360","219"
"4243","1287","220"
"4244","1287","217"
"4245","360","217"
"4246","608","217"
"4247","1287","221"
"4248","1287","222"
"4249","360","222"
"4250","1287","224"
"4251","1287","225"
"4252","1287","226"
"4255","202","7181"
"4256","131","7181"
"4257","135","3089"
"4258","138","3089"
"4259","91","3089"
"4260","264","3089"
"4261","138","424"
"4262","91","424"
"4263","138","3793"
"4264","138","4943"
"4265","138","3498"
"4266","151","1138"
"4267","156","1000"
"4268","104","1000"
"4269","157","1000"
"4270","106","6711"
"4271","34","6711"
"4272","11","10149"
"4273","64","9784"
"4274","11","1033"
"4275","11","9489"
"4276","34","9489"
"4277","68","1067"
"4278","141","1067"
"4280","68","2600"
"4281","68","4497"
"4282","68","5696"
"4283","68","229"
"4286","144","1254"
"4287","29","1254"
"4288","235","2813"
"4289","29","2813"
"4290","143","2020"
"4291","29","2020"
"4297","141","888"
"4298","50","888"
"4299","141","6010"
"4302","50","1447"
"4303","164","1447"
"4304","22","228"
"4305","22","227"
"4306","131","227"
"4307","202","227"
"4308","138","1934"
"4309","91","1934"
"4310","162","8300"
"4311","34","8300"
"4312","161","1395"
"4313","34","1395"
"4314","161","2192"
"4315","74","2192"
"4316","73","2192"
"4317","34","2192"
"4321","16","10322"
"4322","16","20"
"4323","16","9075"
"4324","187","9075"
"4325","23","9075"
"4326","275","2937"
"4327","202","2800"
"4328","43","2800"
"4329","68","5572"
"4330","68","2783"
"4331","208","59"
"4332","202","59"
"4333","104","59"
"4334","141","59"
"4335","209","121"
"4336","29","121"
"4337","209","2560"
"4338","135","2560"
"4339","104","2560"
"4340","209","3490"
"4341","49","3490"
"4342","29","3490"
"4343","91","823"
"4344","148","2518"
"4345","22","6961"
"4346","217","6961"
"4347","141","6961"
"4350","22","5331"
"4351","202","5331"
"4352","22","9077"
"4353","217","9077"
"4354","141","9077"
"4355","217","230"
"4358","106","8419"
"4359","202","8419"
"4360","106","10674"
"4361","64","10674"
"4362","106","235"
"4363","11","1456"
"4365","11","5564"
"4366","11","4160"
"4367","11","770"
"4368","11","904"
"4369","11","9226"
"4370","135","9226"
"4371","11","8835"
"4372","34","8835"
"4373","11","2944"
"4374","34","2944"
"4375","11","2802"
"4376","34","2802"
"4377","11","3478"
"4378","11","2113"
"4379","11","7173"
"4382","11","236"
"4383","107","236"
"4384","148","4514"
"4385","148","7775"
"4387","148","2755"
"4388","148","859"
"4389","148","7367"
"4390","202","7367"
"4391","148","4249"
"4392","148","8346"
"4393","148","6655"
"4394","202","6655"
"4395","148","1893"
"4396","148","4528"
"4398","106","237"
"4399","106","6333"
"4400","106","240"
"4401","106","241"
"4402","106","2083"
"4403","106","242"
"4404","106","3726"
"4408","106","6481"
"4409","106","3697"
"4410","106","5378"
"4411","106","2919"
"4412","138","5319"
"4413","135","5319"
"4414","138","9379"
"4415","68","6336"
"4416","138","6336"
"4417","138","3695"
"4418","107","3695"
"4419","138","3621"
"4420","202","3621"
"4422","336","3686"
"4423","202","5690"
"4425","336","244"
"4426","191","7534"
"4427","50","7534"
"4428","195","7153"
"4429","29","7153"
"4430","64","6581"
"4431","34","6581"
"4432","202","6581"
"4433","428","6392"
"4434","29","6392"
"4435","28","6376"
"4436","29","6376"
"4437","28","5416"
"4438","4","5416"
"4442","74","5631"
"4443","187","5631"
"4444","29","5631"
"4445","74","3808"
"4446","187","3808"
"4447","29","3808"
"4449","74","864"
"4450","74","598"
"4451","28","5526"
"4452","93","1474"
"4453","28","1474"
"4454","393","5103"
"4455","29","4863"
"4456","91","4777"
"4457","1291","247"
"4458","1292","247"
"4459","1293","247"
"4460","141","1543"
"4461","29","4799"
"4462","91","5550"
"4464","202","4699"
"4465","1294","10367"
"4466","22","8609"
"4467","29","4955"
"4473","126","4673"
"4474","135","4673"
"4475","34","4673"
"4476","384","4673"
"4477","385","4673"
"4478","386","8091"
"4479","68","10228"
"4481","74","3188"
"4482","74","248"
"4483","74","3476"
"4484","74","3884"
"4485","74","7113"
"4486","74","7143"
"4487","187","8282"
"4488","476","8282"
"4489","187","445"
"4490","117","3319"
"4491","136","3319"
"4492","479","7260"
"4494","1295","251"
"4495","1296","252"
"4498","1061","4508"
"4499","50","4508"
"4500","22","5699"
"4501","709","2010"
"4502","29","2010"
"4504","712","3517"
"4505","710","958"
"4508","34","1990"
"4509","495","1990"
"4510","495","8104"
"4511","107","8104"
"4512","50","8104"
"4513","495","10567"
"4514","432","10567"
"4515","505","10567"
"4516","534","10855"
"4517","91","9967"
"4518","50","9967"
"4519","91","6998"
"4520","202","6998"
"4521","11","2394"
"4522","479","2394"
"4523","11","7495"
"4524","535","10856"
"4525","538","10857"
"4526","188","4320"
"4527","188","8911"
"4528","188","7144"
"4529","188","9915"
"4530","188","4082"
"4531","524","4082"
"4533","188","3074"
"4534","188","1988"
"4535","188","2119"
"4536","188","2624"
"4537","188","10399"
"4538","188","8229"
"4539","188","2954"
"4540","188","3103"
"4541","188","8126"
"4542","188","253"
"4544","188","5764"
"4545","188","2446"
"4546","188","2782"
"4547","188","3834"
"4548","188","949"
"4550","539","10858"
"4551","541","10859"
"4552","149","1207"
"4553","149","256"
"4554","586","10306"
"4555","585","6863"
"4560","74","2073"
"4561","202","2073"
"4562","141","9719"
"4563","645","9719"
"4564","123","10035"
"4565","4","19460"
"4566","202","19460"
"4567","4","2541"
"4568","202","2541"
"4570","623","7112"
"4571","623","6141"
"4572","238","10747"
"4573","289","2630"
"4574","27","2630"
"4575","148","6004"
"4576","148","8010"
"4577","577","8010"
"4578","148","10685"
"4579","148","3515"
"4580","148","10612"
"4581","148","7909"
"4582","188","7909"
"4584","148","6714"
"4585","148","8541"
"4586","148","1919"
"4587","148","9232"
"4588","148","577"
"4589","148","7220"
"4590","148","8124"
"4591","148","1009"
"4592","148","875"
"4593","148","7180"
"4594","148","7837"
"4595","148","7045"
"4597","148","1506"
"4598","148","1321"
"4599","148","4954"
"4600","148","8007"
"4602","148","1949"
"4603","148","3929"
"4604","148","9507"
"4605","148","2578"
"4606","148","1215"
"4607","148","596"
"4608","645","2212"
"4609","16","22888"
"4610","645","8188"
"4611","644","10872"
"4612","643","10860"
"4614","91","2354"
"4616","91","7997"
"4617","34","7997"
"4618","91","5497"
"4619","91","7401"
"4620","74","7401"
"4621","91","1302"
"4622","91","8851"
"4623","34","8851"
"4624","91","360"
"4627","200","10554"
"4629","91","1233"
"4630","91","1508"
"4631","91","2793"
"4632","91","10225"
"4633","91","565"
"4634","646","10700"
"4635","648","971"
"4636","649","614"
"4637","651","8900"
"4638","108","8900"
"4639","29","8900"
"4640","652","8900"
"4641","652","9187"
"4642","108","9187"
"4643","653","2397"
"4644","43","2397"
"4645","655","995"
"4647","64","10631"
"4648","676","1277"
"4650","64","454"
"4651","410","258"
"4652","410","1562"
"4653","695","4532"
"4654","202","4532"
"4655","717","10861"
"4656","723","1784"
"4658","724","1775"
"4660","726","1767"
"4661","64","259"
"4662","64","10678"
"4663","728","9445"
"4664","729","10862"
"4666","443","3516"
"4667","738","3516"
"4668","739","3516"
"4669","188","3516"
"4670","524","3516"
"4671","742","10864"
"4672","748","2042"
"4673","749","2534"
"4675","802","302"
"4676","803","302"
"4677","804","302"
"4678","805","302"
"4679","806","302"
"4680","801","5187"
"4681","801","10358"
"4682","41","257"
"4683","332","1611"
"4684","332","5280"
"4685","332","3754"
"4686","18","316"
"4687","202","316"
"4688","18","631"
"4689","18","8381"
"4690","34","8381"
"4693","18","4800"
"4694","34","4800"
"4695","332","6147"
"4696","18","6147"
"4697","18","3477"
"4698","16","10871"
"4699","16","260"
"4701","655","7268"
"4702","107","5630"
"4703","107","6142"
"4704","107","10420"
"4706","188","6235"
"4707","645","4247"
"4708","645","262"
"4709","275","6582"
"4710","238","10865"
"4711","387","11870"
"4712","43","17033"
"4713","904","15181"
"4715","238","3480"
"4716","28","1626"
"4717","202","1626"
"4718","387","22880"
"4719","284","21694"
"4720","284","13454"
"4721","284","17966"
"4722","284","18169"
"4723","284","14630"
"4725","284","15022"
"4726","284","17645"
"4728","284","14007"
"4729","284","16483"
"4730","402","263"
"4731","402","269"
"4732","402","9506"
"4734","402","5720"
"4736","619","4984"
"4741","91","7120"
"4742","34","7120"
"4744","68","7074"
"4745","68","4543"
"4746","68","238"
"4747","202","238"
"4748","68","978"
"4749","68","6898"
"4750","68","10106"
"4751","68","8479"
"4752","468","8479"
"4753","68","3771"
"4754","68","1185"
"4756","68","1413"
"4757","68","2188"
"4758","202","2188"
"4759","68","6800"
"4760","68","2285"
"4761","68","5434"
"4762","284","1954"
"4763","238","4045"
"4766","479","10613"
"4767","117","10613"
"4771","29","371"
"4772","18","10011"
"4773","1305","10011"
"4774","1307","5873"
"4775","1308","270"
"4777","1308","271"
"4778","16","274"
"4779","1310","274"
"4780","16","6378"
"4781","432","6378"
"4782","41","4279"
"4783","1312","4279"
"4784","1313","4279"
"4785","489","4279"
"4786","1314","4886"
"4787","41","10196"
"4788","1316","3290"
"4789","1317","4901"
"4790","1319","4620"
"4791","41","275"
"4792","18","275"
"4793","16","6757"
"4794","106","6757"
"4795","18","6757"
"4796","106","276"
"4798","41","8949"
"4799","202","5745"
"4801","1322","2823"
"4802","41","277"
"4804","41","208"
"4805","41","8402"
"4806","41","9255"
"4808","41","1137"
"4810","1323","4581"
"4811","1323","9657"
"4812","1323","279"
"4813","1323","281"
"4814","1324","282"
"4815","716","934"
"4816","1325","2126"
"4817","1326","2126"
"4819","64","7603"
"4821","148","7191"
"4823","11","9357"
"4824","11","10577"
"4825","106","10577"
"4826","106","284"
"4827","106","288"
"4828","64","5510"
"4829","107","9439"
"4830","960","9439"
"4831","107","2932"
"4832","960","2932"
"4833","188","139"
"4834","188","4326"
"4835","188","291"
"4837","188","294"
"4838","188","10033"
"4839","188","1199"
"4840","188","295"
"4841","188","308"
"4843","188","309"
"4844","188","312"
"4846","188","313"
"4847","188","7614"
"4848","188","314"
"4849","188","317"
"4850","188","318"
"4851","188","322"
"4852","188","330"
"4853","188","8385"
"4854","188","304"
"4855","188","301"
"4857","188","297"
"4858","188","296"
"4859","188","7584"
"4862","188","333"
"4863","188","3877"
"4865","188","332"
"4866","188","331"
"4867","188","335"
"4868","18","336"
"4869","18","1035"
"4870","18","341"
"4871","18","344"
"4872","18","2318"
"4873","18","10639"
"4874","1210","10639"
"4875","18","8577"
"4876","18","10151"
"4879","18","4464"
"4880","18","345"
"4881","18","354"
"4882","18","363"
"4883","18","365"
"4884","18","368"
"4885","1329","340"
"4886","1329","372"
"4887","1329","339"
"4888","188","339"
"4889","188","33"
"4891","188","7256"
"4892","188","9261"
"4893","188","373"
"4894","188","375"
"4896","188","3466"
"4898","188","376"
"4899","188","377"
"4900","188","2345"
"4901","188","2048"
"4902","18","370"
"4904","188","7419"
"4905","188","379"
"4907","188","385"
"4908","188","386"
"4909","188","387"
"4910","188","392"
"4911","188","9560"
"4912","188","394"
"4913","188","396"
"4914","188","398"
"4915","188","400"
"4917","188","6303"
"4918","188","401"
"4920","188","403"
"4921","188","405"
"4922","188","406"
"4923","28","406"
"4924","1330","406"
"4925","188","407"
"4926","188","416"
"4927","188","413"
"4928","188","411"
"4929","188","410"
"4930","188","9902"
"4931","188","4388"
"4932","188","9428"
"4934","188","417"
"4935","188","419"
"4936","16","428"
"4937","16","430"
"4938","16","431"
"4939","16","432"
"4940","16","434"
"4941","16","437"
"4942","16","442"
"4943","16","444"
"4944","16","447"
"4945","16","448"
"4946","16","449"
"4947","200","449"
"4948","16","450"
"4949","16","451"
"4950","16","458"
"4951","16","459"
"4952","16","463"
"4953","188","463"
"4954","16","467"
"4955","16","469"
"4956","188","393"
"4957","16","393"
"4960","188","425"
"4961","16","425"
"4964","188","421"
"4965","16","421"
"4966","188","3911"
"4968","188","420"
"4969","16","2554"
"4970","16","4262"
"4971","16","7409"
"4972","950","8621"
"4973","9","8721"
"4975","9","7177"
"4976","106","5078"
"4977","188","5078"
"4978","106","8776"
"4979","106","4347"
"4980","106","5485"
"4981","188","5485"
"4982","41","6280"
"4983","106","6280"
"4984","188","6280"
"4985","106","5571"
"4986","188","5571"
"4987","41","5571"
"4988","11","5417"
"4989","106","5417"
"4990","41","5417"
"4991","11","2090"
"4992","106","2090"
"4993","106","3312"
"4994","93","3312"
"4995","41","3312"
"4996","106","1127"
"4997","41","1127"
"4998","41","6708"
"4999","106","6708"
"5000","106","1167"
"5001","106","7407"
"5002","106","9465"
"5003","106","9973"
"5004","106","477"
"5005","361","477"
"5006","106","223"
"5007","188","223"
"5008","23","323"
"5009","68","323"
"5010","106","323"
"5011","106","1265"
"5012","202","1265"
"5013","106","9842"
"5014","106","468"
"5015","106","728"
"5016","106","1275"
"5017","106","884"
"5018","106","764"
"5019","188","8356"
"5020","106","2920"
"5021","106","3851"
"5023","106","3303"
"5028","106","8920"
"5029","106","6227"
"5030","106","67"
"5031","106","6722"
"5034","106","5682"
"5035","41","5682"
"5037","106","1020"
"5038","188","1992"
"5039","106","1992"
"5040","106","6664"
"5041","202","6664"
"5042","68","6664"
"5043","106","891"
"5046","106","9670"
"5047","106","2080"
"5048","106","6624"
"5049","658","6624"
"5051","188","7437"
"5052","188","7433"
"5053","188","10735"
"5054","188","7418"
"5055","188","7412"
"5057","188","7329"
"5059","188","7285"
"5060","188","290"
"5061","188","7290"
"5062","188","7308"
"5063","188","7306"
"5064","41","10412"
"5065","16","10412"
"5066","41","4633"
"5067","202","4633"
"5068","41","991"
"5069","41","3751"
"5070","41","7157"
"5071","41","3214"
"5072","64","471"
"5073","64","478"
"5076","64","9601"
"5077","202","9601"
"5078","64","3661"
"5079","64","8747"
"5080","64","6861"
"5081","18","480"
"5082","18","484"
"5083","18","601"
"5084","157","601"
"5085","18","3921"
"5088","18","679"
"5089","157","679"
"5090","18","2905"
"5091","157","2905"
"5092","18","1725"
"5093","34","1725"
"5095","18","2040"
"5097","18","1042"
"5098","18","9051"
"5099","18","485"
"5100","200","489"
"5101","558","6928"
"5102","558","8592"
"5103","18","3040"
"5104","18","7313"
"5105","18","6005"
"5106","104","6005"
"5107","18","3681"
"5108","104","3681"
"5109","18","1801"
"5110","18","8526"
"5111","18","4668"
"5112","104","4668"
"5113","18","2099"
"5114","200","2099"
"5115","157","2099"
"5116","104","2099"
"5117","18","8160"
"5118","18","8185"
"5119","104","8185"
"5120","157","8185"
"5121","18","10651"
"5122","104","10651"
"5123","157","10651"
"5126","18","9001"
"5127","374","9001"
"5128","18","1089"
"5129","18","491"
"5130","18","9124"
"5131","104","9124"
"5132","18","8322"
"5133","157","8322"
"5134","104","8322"
"5135","18","3302"
"5136","104","3302"
"5137","561","3302"
"5138","11","391"
"5139","907","5537"
"5140","284","10869"
"5141","59","10846"
"5142","59","6230"
"5143","64","10848"
"5144","41","10845"
"5145","202","10845"
"5146","345","7937"
"5147","345","10838"
"5149","18","10866"
"5150","31","512"
"5151","762","3028"
"5152","238","3028"
"5154","762","492"
"5155","68","1171"
"5156","68","5376"
"5157","188","3841"
"5158","16","3841"
"5159","202","3841"
"5160","188","3447"
"5161","41","10870"
"5162","41","498"
"5163","41","6913"
"5164","202","6913"
"5165","41","500"
"5168","28","2467"
"5169","104","2467"
"5170","104","4866"
"5171","11","3"
"5172","107","795"
"5173","16","795"
"5177","107","501"
"5178","16","501"
"5179","1210","501"
"5182","16","502"
"5183","1210","502"
"5184","867","10873"
"5185","152","504"
"5186","18","507"
"5187","91","8203"
"5188","1357","508"
"5189","1358","514"
"5190","661","1491"
"5191","243","3816"
"5192","661","3816"
"5193","661","10576"
"5194","68","6523"
"5195","68","10423"
"5196","11","9036"
"5197","1361","515"
"5198","1015","516"
"5199","117","1797"
"5200","34","1797"
"5203","107","1943"
"5204","16","1943"
"5205","68","522"
"5206","1287","25"
"5207","1287","7592"
"5208","107","3190"
"5209","1366","524"
"5210","64","525"
"5211","1368","526"
"5212","136","528"
"5213","18","529"
"5214","4","531"
"5215","1369","534"
"5216","487","535"
"5217","487","536"
"5219","487","537"
"5220","487","539"
"5221","487","541"
"5222","487","542"
"5224","191","6364"
"5225","192","6364"
"5226","1210","6364"
"5227","136","6364"
"5228","106","1252"
"5229","106","16614"
"5230","106","547"
"5231","191","547"
"5232","106","548"
"5233","18","548"
"5236","106","8847"
"5237","107","10244"
"5238","16","545"
"5241","595","8846"
"5242","596","8846"
"5243","487","543"
"5244","487","549"
"5245","487","552"
"5246","123","553"
"5247","43","553"
"5248","74","5864"
"5249","74","556"
"5250","74","557"
"5252","74","9686"
"5253","74","9158"
"5254","487","564"
"5255","487","566"
"5256","487","567"
"5257","487","568"
"5258","487","572"
"5259","487","575"
"5260","487","576"
"5261","123","576"
"5262","410","576"
"5263","487","582"
"5269","23","586"
"5270","590","586"
"5271","23","587"
"5272","487","402"
"5273","123","402"
"5274","487","588"
"5275","23","589"
"5276","23","591"
"5277","23","592"
"5278","23","595"
"5280","23","604"
"5281","23","605"
"5282","23","606"
"5283","23","608"
"5284","9","609"
"5285","772","610"
"5286","68","613"
"5287","1381","615"
"5288","584","3166"
"5289","68","7623"
"5290","302","620"
"5291","9","620"
"5292","23","622"
"5293","43","622"
"5294","68","6883"
"5295","9","8173"
"5296","107","624"
"5297","320","630"
"5298","1383","630"
"5299","133","167"
"5300","9","632"
"5301","112","633"
"5302","1384","636"
"5304","1314","641"
"5305","1314","643"
"5306","830","7740"
"5307","41","644"
"5308","100","644"
"5309","410","644"
"5310","20","7147"
"5311","22","380"
"5312","1387","380"
"5313","22","645"
"5314","1387","645"
"5315","22","8762"
"5316","1387","8762"
"5320","382","8859"
"5321","1307","8859"
"5322","18","8859"
"5323","726","9494"
"5324","29","9494"
"5325","23","3106"
"5327","284","7977"
"5328","1390","6153"
"5329","1022","6153"
"5330","1391","6153"
"5331","306","6153"
"5332","74","7640"
"5333","714","5334"
"5334","91","2174"
"5335","773","8647"
"5338","202","1319"
"5339","1166","1319"
"5340","1394","1835"
"5341","776","14"
"5342","33","268"
"5343","34","268"
"5344","776","12"
"5345","43","779"
"5346","141","3845"
"5347","202","3845"
"5348","4","5636"
"5349","425","5636"
"5350","64","8765"
"5351","447","1852"
"5352","64","315"
"5353","41","315"
"5354","938","22840"
"5355","18","5166"
"5357","183","1832"
"5358","888","6439"
"5359","106","2595"
"5361","148","289"
"5362","66","8478"
"5363","34","8478"
"5364","449","8478"
"5365","107","20509"
"5366","202","6684"
"5367","410","6684"
"5368","917","15386"
"5369","495","3866"
"5370","50","3866"
"5371","106","8469"
"5372","319","4111"
"5373","29","4111"
"5374","900","22890"
"5375","655","7274"
"5376","895","3940"
"5377","894","8803"
"5378","74","1889"
"5380","110","96"
"5381","930","22878"
"5383","17","8286"
"5384","68","4957"
"5385","66","8278"
"5386","345","15699"
"5389","401","82"
"5390","202","82"
"5391","64","7505"
"5392","843","5454"
"5393","434","6733"
"5394","435","6733"
"5395","73","6733"
"5396","34","6733"
"5397","68","9033"
"5398","68","5438"
"5403","628","6462"
"5404","64","6462"
"5406","239","3139"
"5408","202","1088"
"5409","273","2958"
"5410","762","1676"
"5411","960","8842"
"5412","16","5769"
"5413","238","14215"
"5414","202","389"
"5415","646","10371"
"5416","202","897"
"5417","140","897"
"5418","140","15549"
"5422","41","4991"
"5423","41","5309"
"5424","41","722"
"5425","43","3453"
"5427","16","123"
"5428","148","374"
"5429","238","2676"
"5430","202","2676"
"5431","206","2676"
"5432","928","22894"
"5433","31","366"
"5434","29","366"
"5435","4","4973"
"5436","117","2746"
"5437","1396","698"
"5438","404","6073"
"5439","404","10828"
"5440","148","10415"
"5441","542","5806"
"5442","1397","2734"
"5443","947","3245"
"5444","947","7424"
"5445","910","14250"
"5446","18","7841"
"5447","203","670"
"5448","191","3122"
"5449","191","4779"
"5450","191","647"
"5451","779","414"
"5452","202","414"
"5453","209","4539"
"5454","162","4539"
"5455","781","1591"
"5456","417","5788"
"5457","11","2455"
"5458","193","2455"
"5459","34","2455"
"5462","733","8342"
"5463","937","22783"
"5464","117","7160"
"5467","195","245"
"5468","29","245"
"5469","148","1523"
"5470","202","1523"
"5471","148","6037"
"5472","148","2780"
"5473","148","1864"
"5474","148","7472"
"5475","663","7472"
"5476","148","2940"
"5479","148","1628"
"5480","64","1628"
"5481","148","8250"
"5482","148","1749"
"5483","663","1749"
"5484","148","2503"
"5485","148","7713"
"5487","117","3058"
"5488","68","7152"
"5489","91","8174"
"5490","202","8174"
"5491","141","4590"
"5492","50","4590"
"5493","18","2030"
"5494","29","2030"
"5495","920","23010"
"5498","22","2268"
"5499","202","2268"
"5500","345","22489"
"5501","68","5581"
"5502","874","457"
"5503","855","6600"
"5504","202","3016"
"5505","28","3016"
"5506","18","2504"
"5507","50","2504"
"5508","178","1736"
"5509","91","6596"
"5510","34","6596"
"5511","41","6596"
"5512","147","1219"
"5513","148","1219"
"5517","401","1983"
"5518","343","1983"
"5519","202","1983"
"5520","68","8893"
"5521","238","10172"
"5528","1400","648"
"5529","1401","649"
"5531","123","1530"
"5532","1405","650"
"5533","1407","651"
"5535","1409","655"
"5536","1411","653"
"5537","1411","656"
"5538","1414","6548"
"5539","1415","657"
"5540","1416","658"
"5541","1409","664"
"5542","1409","666"
"5543","1411","663"
"5545","1411","659"
"5546","1409","662"
"5547","1424","668"
"5548","1411","6286"
"5549","1411","669"
"5550","1411","671"
"5551","74","674"
"5552","187","674"
"5553","74","677"
"5554","187","677"
"5555","74","685"
"5556","187","685"
"5557","1411","686"
"5558","1409","692"
"5560","1411","688"
"5561","1411","691"
"5562","1409","693"
"5563","1431","696"
"5565","1411","706"
"5566","1409","707"
"5567","1411","697"
"5568","1435","701"
"5569","1438","704"
"5570","1439","705"
"5572","1440","703"
"5573","755","195"
"5574","1442","727"
"5575","1444","716"
"5577","1445","711"
"5579","68","733"
"5580","542","737"
"5581","542","22124"
"5583","1448","747"
"5584","1411","744"
"5585","1450","743"
"5586","1409","739"
"5587","1419","695"
"5588","1431","749"
"5589","1409","750"
"5593","1452","752"
"5600","55","3398"
"5601","54","3398"
"5602","18","3398"
"5603","29","10606"
"5604","107","10606"
"5607","43","7657"
"5608","43","22258"
"5609","68","1603"
"5610","338","1829"
"5611","338","6742"
"5614","140","6729"
"5615","202","6729"
"5618","1216","4916"
"5619","343","10190"
"5620","401","857"
"5622","1216","10792"
"5623","22","50"
"5624","22","684"
"5626","22","773"
"5628","22","797"
"5629","22","798"
"5631","22","799"
"5632","22","4515"
"5635","1454","804"
"5636","91","6194"
"5637","91","6425"
"5638","91","8590"
"5639","91","937"
"5640","91","356"
"5642","140","2622"
"5643","140","809"
"5644","191","4538"
"5645","202","4538"
"5646","191","3614"
"5647","401","10336"
"5648","345","10336"
"5649","202","10336"
"5653","345","4057"
"5654","206","4057"
"5655","202","4057"
"5656","345","7773"
"5658","34","815"
"5659","384","5023"
"5660","384","805"
"5665","338","9971"
"5666","18","9971"
"5667","93","1293"
"5668","28","8310"
"5669","18","7314"
"5670","18","4433"
"5671","18","6442"
"5673","18","803"
"5675","1458","818"
"5676","1459","819"
"5677","1460","817"
"5678","1409","814"
"5679","188","2656"
"5680","68","5413"
"5685","319","825"
"5687","319","3637"
"5689","319","3129"
"5690","319","827"
"5691","9","7132"
"5693","1411","832"
"5694","1466","844"
"5695","177","831"
"5696","191","831"
"5697","202","831"
"5698","401","10127"
"5699","1210","10127"
"5700","202","10127"
"5701","401","6465"
"5702","338","2324"
"5703","28","9391"
"5704","93","9391"
"5707","338","753"
"5709","93","7595"
"5710","28","4354"
"5711","192","4354"
"5712","34","4354"
"5713","161","5888"
"5714","34","5888"
"5715","68","7464"
"5716","68","10795"
"5717","68","6033"
"5720","68","10513"
"5721","68","7403"
"5723","68","6118"
"5725","68","2232"
"5728","68","4121"
"5730","68","4037"
"5731","68","261"
"5732","68","4416"
"5734","68","3120"
"5735","68","2267"
"5736","68","3685"
"5737","68","7812"
"5738","68","3629"
"5739","68","6574"
"5741","68","7105"
"5745","68","839"
"5746","68","1668"
"5748","68","10334"
"5749","68","3610"
"5750","68","852"
"5752","68","475"
"5755","68","7230"
"5756","68","853"
"5757","379","835"
"5760","1411","845"
"5761","648","847"
"5762","1411","848"
"5764","1476","10207"
"5765","1409","851"
"5766","202","850"
"5768","202","10254"
"5769","202","5613"
"5770","202","8819"
"5771","1479","8819"
"5772","18","854"
"5773","18","6250"
"5775","18","3474"
"5778","1480","858"
"5780","1480","860"
"5782","68","8868"
"5783","64","2320"
"5784","64","4484"
"5785","192","4484"
"5786","64","4546"
"5788","773","983"
"5790","18","9399"
"5791","302","955"
"5792","91","20246"
"5793","459","20246"
"5794","72","1536"
"5795","73","1536"
"5796","1113","20888"
"5797","202","20888"
"5799","68","2382"
"5800","68","785"
"5801","68","790"
"5802","68","780"
"5803","107","862"
"5804","68","863"
"5805","1488","8114"
"5806","148","8114"
"5807","31","8114"
"5808","1488","3366"
"5809","131","3366"
"5810","31","812"
"5811","31","865"
"5812","1489","865"
"5813","1488","7141"
"5814","1189","717"
"5815","104","717"
"5816","50","2677"
"5817","91","4810"
"5819","68","867"
"5820","633","771"
"5821","106","8171"
"5822","117","8171"
"5824","106","5710"
"5825","34","778"
"5826","89","4256"
"5827","960","4256"
"5828","23","9446"
"5829","79","10205"
"5830","410","10205"
"5831","50","10205"
"5832","410","5896"
"5833","79","5896"
"5834","50","5896"
"5835","79","10144"
"5836","50","10144"
"5837","79","772"
"5839","384","326"
"5840","384","5946"
"5842","710","249"
"5843","1491","7261"
"5844","22","10060"
"5845","18","9174"
"5847","1494","793"
"5849","1409","755"
"5850","1409","756"
"5851","1409","758"
"5853","1409","762"
"5854","200","2922"
"5855","200","2901"
"5856","200","766"
"5858","200","776"
"5859","792","10738"
"5861","50","700"
"5862","1500","869"
"5863","1501","7197"
"5864","1501","874"
"5865","1502","876"
"5866","1504","878"
"5867","1409","880"
"5868","1409","883"
"5869","1507","886"
"5871","1508","3812"
"5872","1509","710"
"5873","1510","895"
"5874","745","900"
"5875","745","1827"
"5877","1411","899"
"5878","141","896"
"5879","1516","905"
"5880","937","903"
"5881","1517","901"
"5882","1424","902"
"5883","1519","909"
"5886","1521","917"
"5888","1522","910"
"5889","1524","919"
"5890","1411","920"
"5891","707","921"
"5892","707","3456"
"5893","1527","922"
"5894","345","923"
"5895","707","1399"
"5896","68","5359"
"5898","91","927"
"5899","24","926"
"5900","111","8970"
"5901","68","8970"
"5902","16","8970"
"5903","111","810"
"5904","68","810"
"5905","68","10395"
"5906","68","3386"
"5907","68","928"
"5908","68","931"
"5910","68","102"
"5911","68","3996"
"5912","720","938"
"5913","187","10"
"5914","187","936"
"5915","1082","933"
"5918","68","942"
"5919","386","5661"
"5920","68","5661"
"5921","386","940"
"5922","68","943"
"5923","1095","943"
"5924","386","2079"
"5925","68","3625"
"5926","68","946"
"5927","68","947"
"5928","386","950"
"5929","22","952"
"5930","386","952"
"5932","386","355"
"5933","16","355"
"5934","386","4132"
"5935","386","953"
"5936","386","954"
"5937","386","665"
"5938","386","957"
"5939","386","932"
"5940","68","959"
"5941","43","961"
"5944","1534","963"
"5946","1535","965"
"5947","491","967"
"5948","202","968"
"5949","903","3281"
"5950","68","8009"
"5951","93","10204"
"5952","720","10204"
"5953","202","9868"
"5954","238","9868"
"5955","1544","969"
"5957","1545","972"
"5958","1548","974"
"5960","252","975"
"5961","1550","6426"
"5962","41","976"
"5963","91","977"
"5964","16","9344"
"5965","43","22820"
"5966","123","8611"
"5967","590","4041"
"5968","590","979"
"5969","590","981"
"5970","590","982"
"5971","590","986"
"5972","590","987"
"5973","16","987"
"5974","590","9441"
"5975","23","9441"
"5976","123","9441"
"5980","141","5624"
"5981","790","5624"
"5982","202","5624"
"5983","787","490"
"5984","202","490"
"5985","687","1336"
"5986","687","9139"
"5988","41","532"
"5989","41","6155"
"5990","41","352"
"5992","890","5863"
"5993","55","4127"
"5994","93","4127"
"5995","327","4127"
"5996","50","4127"
"5997","18","4127"
"5999","68","3220"
"6000","68","7454"
"6002","576","8140"
"6003","238","4794"
"6004","1103","4794"
"6005","117","21987"
"6006","284","3993"
"6007","443","3993"
"6009","284","8558"
"6010","284","8491"
"6011","284","382"
"6012","64","6707"
"6013","284","8110"
"6014","284","10603"
"6016","284","7906"
"6017","284","7228"
"6018","18","7228"
"6020","284","4813"
"6021","284","7482"
"6022","34","7482"
"6023","284","715"
"6024","284","456"
"6025","34","456"
"6026","284","980"
"6027","410","362"
"6031","1559","821"
"6032","1560","988"
"6033","1561","989"
"6034","1562","993"
"6035","1563","994"
"6036","1564","997"
"6037","1565","998"
"6038","1566","1003"
"6039","41","1011"
"6040","41","8650"
"6041","41","2281"
"6042","202","2281"
"6043","41","3370"
"6044","41","7828"
"6045","41","9640"
"6046","202","9640"
"6047","41","3199"
"6048","41","8407"
"6049","11","6292"
"6051","960","1013"
"6052","960","7192"
"6053","68","1014"
"6055","104","26"
"6057","104","9116"
"6058","104","1364"
"6060","29","7524"
"6061","1567","9285"
"6063","188","1016"
"6064","188","1019"
"6065","188","1015"
"6066","188","1022"
"6067","188","1029"
"6068","188","1030"
"6069","188","1031"
"6070","188","760"
"6071","188","4885"
"6072","188","9022"
"6073","188","6254"
"6074","188","14750"
"6075","65","10628"
"6076","652","1036"
"6077","117","1036"
"6078","1287","759"
"6079","202","8194"
"6080","31","9328"
"6081","11","9479"
"6082","645","8389"
"6083","792","4228"
"6084","338","2794"
"6085","338","6623"
"6086","93","4492"
"6087","107","4492"
"6088","1571","4492"
"6090","68","10251"
"6091","1575","10495"
"6092","1142","10461"
"6093","11","488"
"6094","1143","4841"
"6095","140","19528"
"6096","117","3210"
"6098","1004","7410"
"6099","117","2035"
"6100","117","9840"
"6101","131","9840"
"6102","1095","9840"
"6103","946","23004"
"6104","1577","4067"
"6105","266","6909"
"6106","1398","2551"
"6107","945","22773"
"6108","315","5411"
"6109","316","3881"
"6110","317","3881"
"6111","31","3633"
"6112","305","3633"
"6113","319","3633"
"6114","320","2533"
"6115","9","6133"
"6116","18","6133"
"6117","18","1645"
"6118","202","1645"
"6119","1039","1645"
"6120","18","789"
"6121","18","4923"
"6122","68","4796"
"6123","191","9148"
"6124","50","9148"
"6125","705","19635"
"6126","696","4034"
"6127","697","4034"
"6128","698","4034"
"6129","18","6468"
"6130","692","4819"
"6131","302","4305"
"6132","863","460"
"6133","178","1039"
"6134","4","1039"
"6135","106","4552"
"6136","41","3932"
"6137","346","5068"
"6138","410","5068"
"6139","1479","3125"
"6140","1479","216"
"6141","652","675"
"6142","1583","7369"
"6143","238","7369"
"6144","1582","1040"
"6145","1584","510"
"6146","1585","1070"
"6147","1026","3254"
"6150","107","4083"
"6151","1026","4083"
"6152","1587","1041"
"6153","1588","10169"
"6154","429","6843"
"6155","23","1720"
"6156","345","16564"
"6157","887","9140"
"6158","410","6110"
"6159","410","5041"
"6160","284","2737"
"6161","16","945"
"6162","1589","5541"
"6163","187","1882"
"6164","188","1882"
"6165","68","1882"
"6166","68","4924"
"6167","68","6484"
"6168","68","1555"
"6170","68","523"
"6171","68","4211"
"6172","68","951"
"6173","41","1680"
"6174","68","6576"
"6175","68","2383"
"6176","1591","4436"
"6177","1592","4436"
"6178","1593","22870"
"6179","18","2912"
"6180","1595","612"
"6181","350","2667"
"6182","387","18843"
"6183","238","5782"
"6184","457","17277"
"6185","1078","12417"
"6186","598","9113"
"6187","1597","9113"
"6188","9","8600"
"6189","91","7575"
"6190","202","7315"
"6191","209","7315"
"6192","202","8100"
"6193","209","8100"
"6194","202","1043"
"6195","766","1043"
"6197","187","5011"
"6198","487","4745"
"6199","123","4745"
"6200","23","4227"
"6201","238","7031"
"6202","191","168"
"6203","64","1604"
"6204","43","1604"
"6205","64","784"
"6206","64","4203"
"6207","1602","1049"
"6208","64","8573"
"6209","192","8573"
"6210","64","7543"
"6211","64","4302"
"6212","64","6114"
"6213","64","802"
"6214","64","1051"
"6215","64","1131"
"6216","64","11787"
"6217","64","3837"
"6218","64","3918"
"6219","64","7978"
"6220","64","1058"
"6221","762","10332"
"6222","41","9853"
"6223","1603","1044"
"6224","41","1045"
"6225","41","1046"
"6226","41","7917"
"6227","41","1047"
"6228","41","2245"
"6229","41","1048"
"6230","106","15872"
"6231","106","1054"
"6232","106","1055"
"6233","1210","1055"
"6235","28","8230"
"6236","23","306"
"6237","357","5315"
"6238","183","1059"
"6239","482","10537"
"6241","18","44"
"6242","68","1062"
"6243","1607","1062"
"6244","68","1064"
"6245","68","1065"
"6246","17","10471"
"6247","1118","18478"
"6248","74","8502"
"6249","1307","1592"
"6250","933","22862"
"6251","123","10318"
"6252","202","6281"
"6253","1610","4675"
"6254","1038","20291"
"6255","228","581"
"6256","140","9733"
"6257","140","15175"
"6258","272","1608"
"6259","645","1608"
"6260","148","1608"
"6261","931","22856"
"6264","64","2063"
"6265","43","2063"
"6266","9","4623"
"6267","202","4879"
"6268","1611","4879"
"6269","652","4879"
"6270","18","4879"
"6271","191","10262"
"6272","432","9850"
"6273","123","9850"
"6274","433","9850"
"6275","434","7934"
"6276","264","7934"
"6277","434","5069"
"6278","432","1069"
"6279","601","1069"
"6280","410","1069"
"6281","432","1071"
"6282","601","1071"
"6283","41","1071"
"6284","602","1071"
"6285","1614","1914"
"6286","202","1914"
"6287","1614","2960"
"6288","202","2960"
"6289","187","10544"
"6290","1377","2377"
"6291","123","2377"
"6292","284","2377"
"6293","1377","5746"
"6294","284","5746"
"6295","41","5746"
"6297","1377","232"
"6298","1377","116"
"6299","1377","3231"
"6300","1377","7588"
"6301","345","1072"
"6303","1619","1073"
"6305","1621","1074"
"6306","41","1875"
"6307","401","6452"
"6308","401","10526"
"6309","202","4014"
"6310","202","2338"
"6311","36","2338"
"6312","212","2338"
"6313","238","918"
"6314","64","9121"
"6315","1261","9121"
"6316","1260","9121"
"6317","1623","1077"
"6318","1624","1075"
"6319","1626","1078"
"6320","1628","1080"
"6321","1629","1082"
"6322","718","1083"
"6323","1631","1084"
"6324","202","7913"
"6325","1633","3773"
"6326","1634","3773"
"6327","289","10852"
"6328","1139","1085"
"6329","745","1085"
"6330","1002","1086"
"6331","1640","1091"
"6332","1639","1091"
"6333","1641","1092"
"6334","24","1093"
"6335","1643","1094"
"6336","1644","1096"
"6337","345","1097"
"6338","345","1098"
"6339","1646","1099"
"6340","1647","1100"
"6341","202","1101"
"6342","1651","1103"
"6343","285","1105"
"6344","432","1105"
"6345","74","15729"
"6346","74","7077"
"6347","74","1869"
"6348","74","7134"
"6349","74","3409"
"6350","74","6557"
"6351","74","6173"
"6352","188","6173"
"6354","141","3795"
"6355","188","1906"
"6357","755","21196"
"6358","1653","4919"
"6359","1116","6658"
"6360","1656","6658"
"6361","601","6658"
"6362","1657","6658"
"6363","401","1066"
"6364","68","788"
"6365","1660","788"
"6366","141","788"
"6367","74","1107"
"6368","23","1108"
"6369","68","2451"
"6370","202","4605"
"6371","202","7434"
"6372","1661","10279"
"6373","41","4275"
"6374","68","9251"
"6375","1488","5333"
"6376","238","8163"
"6377","1665","3076"
"6378","1664","3076"
"6379","1666","2325"
"6380","1012","2325"
"6381","762","2325"
"6382","123","8588"
"6383","1668","4887"
"6384","1550","5837"
"6386","755","6750"
"6387","1488","9901"
"6388","406","9517"
"6389","737","9517"
"6390","1671","6645"
"6391","91","3136"
"6392","710","7716"
"6393","1674","574"
"6394","238","594"
"6395","23","594"
"6396","319","3358"
"6399","74","1112"
"6400","1676","1112"
"6401","18","1112"
"6402","74","721"
"6403","1675","721"
"6404","74","10396"
"6406","74","5473"
"6407","74","1116"
"6408","74","1118"
"6409","123","9897"
"6410","1678","1120"
"6411","1679","1120"
"6412","139","9421"
"6413","338","9421"
"6414","139","464"
"6415","338","464"
"6416","91","3723"
"6417","91","10385"
"6418","139","10385"
"6419","41","3311"
"6420","123","3311"
"6421","410","3311"
"6422","250","2373"
"6423","161","2373"
"6424","673","3173"
"6425","123","3173"
"6426","673","1121"
"6427","22","6125"
"6428","954","6352"
"6429","410","3399"
"6430","338","378"
"6431","338","8275"
"6432","940","1122"
"6433","1684","7576"
"6434","1675","5892"
"6435","86","20740"
"6436","673","7897"
"6437","23","7897"
"6438","376","7376"
"6439","16","7376"
"6440","479","10563"
"6441","18","10563"
"6442","22","3506"
"6443","202","3506"
"6444","733","21051"
"6445","1687","10007"
"6446","1688","1135"
"6448","1689","1133"
"6449","1690","1130"
"6450","1691","1129"
"6451","855","1128"
"6452","1692","1125"
"6453","1693","1123"
"6454","345","1141"
"6455","426","1141"
"6456","875","438"
"6457","68","6727"
"6458","1012","3757"
"6459","1051","20850"
"6460","31","4142"
"6461","34","4142"
"6462","315","10066"
"6464","315","730"
"6465","652","1253"
"6466","315","1253"
"6467","49","9962"
"6468","960","9962"
"6469","456","6598"
"6470","457","6598"
"6471","458","6598"
"6472","801","7494"
"6473","43","10867"
"6474","1699","10170"
"6475","106","6160"
"6476","661","6160"
"6477","692","4324"
"6478","28","1956"
"6480","28","2666"
"6481","238","9567"
"6482","74","1729"
"6483","74","8202"
"6484","74","3112"
"6485","65","7582"
"6486","28","7582"
"6487","34","7582"
"6488","65","6305"
"6489","65","843"
"6490","65","22881"
"6491","772","907"
"6493","68","6329"
"6494","138","1142"
"6496","202","8186"
"6497","1703","6337"
"6498","141","6337"
"6499","1703","4106"
"6500","141","4106"
"6501","64","16413"
"6502","960","5640"
"6503","1705","4970"
"6504","1706","7247"
"6505","106","10574"
"6506","332","826"
"6507","772","4022"
"6508","29","66"
"6509","733","5654"
"6510","238","5514"
"6511","238","5795"
"6512","1337","1529"
"6513","9","1529"
"6514","91","4896"
"6515","1710","7898"
"6516","117","840"
"6517","1077","1292"
"6518","22","1426"
"6519","22","8688"
"6520","22","9659"
"6521","22","10582"
"6523","22","10138"
"6524","22","7770"
"6525","187","5713"
"6526","238","8192"
"6528","238","299"
"6529","762","8553"
"6530","1064","6091"
"6531","762","6091"
"6532","18","9763"
"6533","1077","16022"
"6534","162","3666"
"6535","29","3666"
"6538","766","4541"
"6539","29","4541"
"6540","43","7525"
"6541","50","7525"
"6542","1714","3945"
"6543","28","7339"
"6544","74","4915"
"6545","68","4370"
"6546","68","10437"
"6547","202","2987"
"6548","202","16615"
"6549","202","6053"
"6551","4","1023"
"6552","161","8926"
"6553","133","6728"
"6554","133","3055"
"6555","133","20037"
"6556","138","2758"
"6557","91","2758"
"6558","91","2361"
"6559","141","611"
"6560","151","1971"
"6561","50","1971"
"6562","151","10759"
"6563","34","10759"
"6564","151","61"
"6568","106","7886"
"6569","1210","7886"
"6570","4","7886"
"6571","11","8977"
"6572","34","8977"
"6573","11","4467"
"6574","34","4467"
"6575","11","8459"
"6576","34","8459"
"6577","11","8394"
"6578","34","8394"
"6579","106","255"
"6580","34","255"
"6581","960","3494"
"6582","491","642"
"6583","74","6377"
"6584","74","5314"
"6587","64","4564"
"6588","74","4564"
"6589","64","3970"
"6590","74","3970"
"6591","401","7088"
"6592","202","7088"
"6593","401","2458"
"6594","374","2458"
"6595","202","2458"
"6596","401","9963"
"6597","93","621"
"6598","28","621"
"6599","192","621"
"6600","135","621"
"6601","720","654"
"6602","135","69"
"6603","68","69"
"6604","54","69"
"6605","20","1144"
"6606","238","6193"
"6607","18","1150"
"6608","195","519"
"6609","1273","10827"
"6610","1722","1152"
"6611","9","638"
"6612","1287","3421"
"6613","9","21120"
"6614","1723","1153"
"6615","1724","1154"
"6616","1287","1147"
"6617","1725","1147"
"6618","772","1155"
"6619","1727","1156"
"6620","1727","1157"
"6621","1727","1158"
"6622","238","4124"
"6623","31","6057"
"6624","774","6057"
"6625","756","6057"
"6626","202","6057"
"6627","763","6057"
"6628","31","5840"
"6629","202","5840"
"6630","763","5840"
"6631","1728","1159"
"6632","1730","8044"
"6633","1730","7805"
"6634","138","1218"
"6635","1064","4390"
"6636","1066","4390"
"6637","1065","4390"
"6638","1067","4390"
"6639","1068","4390"
"6640","238","9876"
"6643","238","1160"
"6644","1022","775"
"6645","1409","1161"
"6646","692","1165"
"6647","457","1166"
"6648","407","5997"
"6649","1733","1169"
"6650","1734","1021"
"6651","1116","158"
"6652","50","1937"
"6653","68","22790"
"6654","548","1917"
"6656","243","8446"
"6659","41","8270"
"6660","29","8270"
"6661","202","1455"
"6662","140","1455"
"6663","29","1455"
"6670","29","3117"
"6671","202","9677"
"6672","140","9677"
"6673","202","3917"
"6674","244","3917"
"6675","29","3917"
"6676","29","2070"
"6677","29","746"
"6678","23","4080"
"6679","126","8024"
"6680","751","9484"
"6681","68","100"
"6682","141","100"
"6683","29","100"
"6684","141","5695"
"6685","36","266"
"6686","704","7359"
"6687","138","7537"
"6688","151","800"
"6689","202","4235"
"6690","151","4235"
"6691","238","5114"
"6692","202","5114"
"6693","136","4704"
"6694","136","307"
"6695","976","6862"
"6697","976","5344"
"6699","976","3640"
"6700","188","3513"
"6701","23","585"
"6702","123","585"
"6703","590","585"
"6704","104","8724"
"6705","410","10366"
"6707","151","34"
"6708","1738","5033"
"6710","43","10478"
"6711","43","166"
"6713","43","171"
"6715","16","48"
"6716","16","9754"
"6717","16","709"
"6718","16","748"
"6719","16","1173"
"6720","1081","1174"
"6721","202","3178"
"6722","31","3178"
"6723","764","7033"
"6724","202","6807"
"6725","1740","8485"
"6726","68","4444"
"6727","202","4444"
"6728","68","7562"
"6729","4","7562"
"6730","202","7562"
"6731","1742","2153"
"6732","1583","2153"
"6735","1128","1181"
"6736","266","1303"
"6737","1287","3887"
"6738","191","824"
"6739","191","792"
"6740","338","5517"
"6741","16","5830"
"6742","996","8062"
"6743","1744","3486"
"6744","177","283"
"6745","788","283"
"6746","202","283"
"6747","401","321"
"6748","202","321"
"6749","789","718"
"6750","401","3521"
"6751","202","3521"
"6752","787","5339"
"6753","29","5339"
"6754","621","4146"
"6755","622","4329"
"6756","621","1449"
"6757","74","6307"
"6758","68","2296"
"6759","74","16220"
"6760","138","1134"
"6761","1745","5951"
"6762","11","7142"
"6763","11","5345"
"6764","952","5345"
"6765","34","5345"
"6766","458","996"
"6767","141","996"
"6768","486","628"
"6769","141","628"
"6770","202","628"
"6771","202","3328"
"6772","1747","1186"
"6773","1521","962"
"6774","1748","1187"
"6776","762","9309"
"6777","12","285"
"6778","26","1191"
"6779","56","1192"
"6780","61","544"
"6781","67","8199"
"6782","41","85"
"6783","23","9333"
"6784","126","6071"
"6785","23","8756"
"6786","132","5201"
"6787","155","9327"
"6788","171","8549"
"6789","196","3030"
"6790","68","3540"
"6791","68","3786"
"6792","720","8760"
"6793","197","62"
"6794","199","497"
"6795","188","9176"
"6796","1454","1194"
"6797","216","1194"
"6798","819","1198"
"6799","218","1198"
"6800","219","1200"
"6801","487","1202"
"6802","123","1202"
"6803","410","1202"
"6804","23","8593"
"6805","9","2900"
"6806","720","4854"
"6807","490","10389"
"6808","16","6749"
"6809","295","1203"
"6810","284","1226"
"6811","284","3626"
"6812","156","3626"
"6813","41","3626"
"6814","284","5629"
"6815","64","5629"
"6816","284","1227"
"6817","284","2742"
"6818","16","2742"
"6819","284","1595"
"6820","64","408"
"6821","297","1204"
"6822","345","1216"
"6823","325","1213"
"6824","331","1208"
"6825","655","1220"
"6826","345","1221"
"6827","356","1223"
"6828","411","1224"
"6829","438","1210"
"6830","16","1231"
"6831","718","1232"
"6832","442","1234"
"6833","466","1234"
"6834","471","1235"
"6835","481","1236"
"6836","483","1237"
"6837","499","1238"
"6838","401","1239"
"6839","652","10590"
"6840","212","10590"
"6841","117","10590"
"6842","161","3756"
"6843","513","1513"
"6844","590","147"
"6845","93","147"
"6846","9","828"
"6847","559","828"
"6848","23","1240"
"6849","9","1243"
"6850","4","1246"
"6851","156","1246"
"6852","571","1246"
"6853","156","1251"
"6854","74","9922"
"6855","960","1241"
"6856","323","1255"
"6857","588","1256"
"6858","606","1257"
"6859","156","4526"
"6860","104","5152"
"6861","187","2195"
"6862","41","6700"
"6863","625","6700"
"6864","639","6700"
"6865","106","1258"
"6866","188","1258"
"6867","667","1261"
"6868","668","1263"
"6869","670","1268"
"6870","41","1270"
"6871","1295","1276"
"6872","238","7594"
"6873","345","1278"
"6874","295","1279"
"6875","796","1280"
"6876","814","1281"
"6877","815","1282"
"6878","831","1283"
"6879","869","1284"
"6880","345","1287"
"6881","1647","1290"
"6882","295","1290"
"6883","123","1295"
"6884","123","1297"
"6885","123","1298"
"6886","123","1299"
"6887","123","5101"
"6888","1657","5101"
"6889","123","1300"
"6890","1313","1300"
"6891","123","1301"
"6892","43","1301"
"6893","123","6718"
"6894","123","1304"
"6895","123","1306"
"6896","123","1307"
"6897","284","1307"
"6898","107","1307"
"6899","123","1308"
"6900","123","4558"
"6901","123","1314"
"6902","1657","1314"
"6903","123","4968"
"6904","123","5252"
"6905","284","5252"
"6906","107","5252"
"6907","1657","5252"
"6908","106","1315"
"6909","4","1318"
"6910","4","1320"
"6911","1256","1322"
"6912","23","1323"
"6913","238","1324"
"6914","106","1328"
"6915","106","1329"
"6916","106","1331"
"6917","106","10102"
"6918","188","10102"
"6919","106","9814"
"6920","188","9814"
"6921","106","1332"
"6922","188","9384"
"6923","106","9384"
"6924","106","1333"
"6925","106","1335"
"6926","1751","1338"
"6927","1752","1339"
"6928","1753","1342"
"6929","1754","1346"
"6930","68","1347"
"6931","1757","1349"
"6932","1758","1356"
"6933","428","1350"
"6934","106","1351"
"6935","1759","1359"
"6936","1760","1360"
"6937","16","1363"
"6938","315","1365"
"6939","315","1367"
"6940","315","1369"
"6941","315","1371"
"6942","315","1372"
"6943","315","1375"
"6944","315","1938"
"6945","315","5609"
"6946","123","3648"
"6947","16","1377"
"6948","16","1378"
"6949","148","1379"
"6950","141","1382"
"6951","655","1386"
"6952","345","1388"
"6953","1767","1389"
"6954","1619","1391"
"6955","1769","1393"
"6956","275","1394"
"6957","1139","1397"
"6958","1314","1398"
"6959","23","1401"
"6960","1775","1403"
"6961","491","1404"
"6962","1776","1404"
"6963","1778","1405"
"6964","1777","1405"
"6965","202","1415"
"6966","1780","1416"
"6967","295","1417"
"6968","9","1418"
"6969","1783","1419"
"6970","1784","1420"
"6971","1786","1422"
"6972","1788","1425"
"6973","1789","1427"
"6974","1791","1428"
"6975","1793","1429"
"6976","1794","1430"
"6977","319","1431"
"6978","43","1432"
"6979","1139","1433"
"6980","1799","1434"
"6981","1800","1435"
"6982","1801","1436"
"6983","1802","1437"
"6984","345","1440"
"6985","830","1443"
"6986","1805","1448"
"6987","1807","1451"
"6988","1808","4292"
"6989","141","10740"
"6990","1809","9725"
"6991","1775","6259"
"6992","16","1355"
"6993","16","1457"
"6994","16","1458"
"6995","16","1459"
"6996","16","1462"
"6997","16","1464"
"6998","16","1469"
"6999","1811","8302"
"7000","238","9642"
"7001","1812","9046"
"7002","766","9883"
"7003","43","10476"
"7004","11","5111"
"7005","141","4748"
"7006","661","4563"
"7007","1817","8997"
"7008","1818","3434"
"7009","16","8998"
"7010","1022","6897"
"7011","107","6897"
"7012","11","6897"
"7013","1819","3380"
"7014","1820","3039"
"7015","1687","9097"
"7016","106","2507"
"7017","209","7835"
"7018","1822","130"
"7019","106","159"
"7020","41","159"
"7021","1823","6528"
"7022","1825","6619"
"7023","1826","6619"
"7024","275","2243"
"7025","18","9818"
"7026","191","3360"
"7027","202","618"
"7028","1830","1596"
"7029","68","8296"
"7030","1830","8296"
"7031","1830","7776"
"7032","18","3299"
"7033","18","6946"
"7034","18","441"
"7035","18","672"
"7036","1833","879"
"7037","1834","725"
"7038","1826","7991"
"7039","960","64"
"7040","1835","472"
"7041","1836","1053"
"7042","930","1471"
"7043","1838","1472"
"7044","289","1473"
"7045","1840","1475"
"7046","345","1476"
"7047","1843","1477"
"7048","776","1478"
"7049","1844","1481"
"7050","216","1481"
"7051","1845","1484"
"7052","295","1484"
"7053","1846","1483"
"7054","1847","1486"
"7055","18","1493"
"7056","18","9559"
"7057","1849","1494"
"7058","345","1495"
"7059","149","1497"
"7060","1851","1498"
"7061","1852","1499"
"7062","1853","1500"
"7063","209","1212"
"7064","104","1212"
"7065","209","7043"
"7066","960","1501"
"7067","36","7520"
"7068","9","3287"
"7069","202","3287"
"7070","284","4073"
"7071","23","5270"
"7072","1747","54"
"7073","401","149"
"7074","1858","364"
"7075","53","9145"
"7076","68","9145"
"7077","202","7722"
"7078","28","7722"
"7079","202","1510"
"7080","202","1511"
"7081","202","1514"
"7082","202","1520"
"7083","40","1524"
"7084","1860","1525"
"7085","1275","183"
"7086","1861","1526"
"7087","661","7240"
"7088","136","8418"
"7089","655","1189"
"7090","68","1532"
"7091","209","1534"
"7092","655","1535"
"7093","319","1537"
"7094","1866","1538"
"7095","928","1540"
"7096","345","1541"
"7097","961","1546"
"7098","1868","1547"
"7099","1870","1549"
"7100","1871","1549"
"7101","9","1551"
"7102","1872","1552"
"7103","585","1553"
"7104","1874","1554"
"7105","1876","1556"
"7106","1878","1557"
"7107","1879","1558"
"7108","1883","3422"
"7109","735","3422"
"7110","107","3422"
"7111","43","1559"
"7112","1885","1561"
"7113","1886","1561"
"7114","1887","1565"
"7115","1889","1569"
"7116","1890","1569"
"7117","655","1570"
"7118","23","1571"
"7119","1894","1572"
"7120","1895","1578"
"7121","646","1580"
"7122","655","1582"
"7123","447","1583"
"7124","1897","1583"
"7125","1899","1584"
"7126","655","1586"
"7127","325","1588"
"7128","1901","1589"
"7129","1903","1590"
"7130","202","1593"
"7131","1906","1594"
"7132","1907","1594"
"7133","1908","1597"
"7134","22","1598"
"7135","1910","1600"
"7136","1911","1602"
"7137","1911","1607"
"7138","1914","1609"
"7139","1610","1610"
"7140","1876","1612"
"7141","1918","1612"
"7142","284","3717"
"7143","284","7468"
"7144","187","7468"
"7145","284","243"
"7146","284","9685"
"7147","762","1468"
"7148","960","267"
"7149","338","6454"
"7150","91","6357"
"7151","91","5794"
"7152","1920","4251"
"7153","64","4964"
"7154","1921","3967"
"7155","1923","4385"
"7156","1924","6672"
"7157","106","10098"
"7158","50","7921"
"7159","1925","2223"
"7160","50","6643"
"7161","1928","9102"
"7162","202","10680"
"7163","1931","8066"
"7164","22","8083"
"7165","671","2256"
"7166","1934","10361"
"7167","1935","10361"
