"id","company_id","book_id"
"5","5","17994"
"6","60","17994"
"8","60","17995"
"10","109","17997"
"19","290","18001"
"20","5","18002"
"21","5","18003"
"23","7","18004"
"24","326","18005"
"25","414","18006"
"26","415","18007"
"32","109","18011"
"34","414","18013"
"35","414","18012"
"36","414","18014"
"38","109","18015"
"41","109","18018"
"43","2","18020"
"46","2","18023"
"47","109","18024"
"48","2","18025"
"49","2","2934"
"51","520","18030"
"52","521","18032"
"53","5","18033"
"54","5","18034"
"128","620","14775"
"136","109","18051"
"137","2","18050"
"138","2","18049"
"139","2","18048"
"149","691","18060"
"150","2","18061"
"232","689","18110"
"241","715","18118"
"252","109","18541"
"253","2","6164"
"254","109","16245"
"268","416","18008"
"279","690","18554"
"281","743","18557"
"285","746","12056"
"286","109","18560"
"296","753","17812"
"301","2","18572"
"305","109","1797"
"315","109","18584"
"316","109","18585"
"317","109","18586"
"328","812","17416"
"329","743","1660"
"330","813","787"
"331","813","893"
"336","817","18596"
"337","731","17035"
"339","818","18597"
"364","5","18601"
"381","828","18614"
"387","829","18620"
"388","832","18621"
"393","109","18622"
"394","2","8517"
"395","731","3484"
"396","731","1114"
"397","731","1113"
"399","2","12016"
"400","834","2166"
"401","835","10958"
"402","836","18625"
"413","839","18634"
"424","813","18643"
"427","842","18647"
"429","844","18649"
"430","844","18650"
"431","817","18651"
"435","2","18658"
"436","7","18659"
"439","5","18662"
"441","846","18663"
"452","109","18675"
"453","109","18676"
"466","5","18685"
"467","5","18686"
"473","7","18692"
"474","7","18693"
"475","850","18694"
"476","743","18695"
"477","851","18696"
"479","852","18699"
"494","522","18709"
"499","860","18714"
"508","2","18720"
"509","2","18719"
"511","109","18722"
"513","2","18724"
"514","7","18725"
"516","860","11257"
"532","891","18737"
"534","690","18739"
"537","2","18742"
"538","2","18743"
"539","109","18744"
"541","7","18746"
"542","5","18747"
"546","741","18751"
"547","7","18752"
"548","7","18163"
"550","813","18754"
"555","896","18759"
"564","897","18767"
"577","7","18791"
"578","898","18793"
"579","7","18796"
"598","741","18814"
"609","896","18124"
"610","7","18824"
"616","813","18828"
"622","743","18832"
"626","905","12666"
"627","2","18835"
"628","2","18836"
"629","109","18837"
"630","109","17666"
"631","689","12278"
"632","909","12270"
"633","109","13697"
"634","109","14323"
"635","109","9503"
"636","109","1186"
"637","109","1165"
"638","109","11873"
"647","5","18838"
"657","896","18844"
"660","912","18846"
"661","109","13156"
"669","2","6760"
"672","731","18851"
"673","914","18853"
"674","743","18854"
"681","7","18859"
"682","817","18860"
"689","7","18865"
"690","743","18866"
"692","741","18868"
"693","2","18869"
"708","2","18874"
"715","5","18881"
"718","829","18884"
"721","2","18887"
"723","741","18888"
"726","7","18891"
"727","741","18892"
"729","5","18894"
"730","2","18895"
"734","935","18898"
"735","935","18899"
"736","5","18900"
"737","2","18901"
"738","7","18902"
"740","7","18904"
"741","7","18905"
"744","935","18907"
"752","5","18913"
"755","896","18916"
"757","897","18911"
"768","955","18924"
"769","2","17288"
"770","109","18925"
"772","957","18927"
"775","958","18930"
"778","959","1614"
"782","743","18935"
"785","5","18938"
"790","741","18942"
"795","7","18945"
"798","2","18947"
"806","962","18954"
"807","7","18955"
"808","7","18956"
"811","7","18959"
"812","741","18960"
"817","896","18964"
"818","5","18965"
"819","5","18783"
"820","109","8675"
"821","326","18966"
"827","109","13044"
"828","109","18969"
"829","109","5762"
"832","5","12123"
"833","109","18970"
"838","690","2859"
"842","970","9636"
"845","2","18973"
"846","2","18974"
"850","109","7930"
"859","2","5135"
"861","972","12659"
"866","5","3119"
"884","109","17038"
"885","109","11182"
"901","109","10477"
"902","287","11187"
"903","287","6070"
"904","287","17727"
"916","109","12969"
"917","5","7691"
"919","109","1350"
"920","109","3405"
"921","2","18508"
"922","2","18518"
"923","2","18529"
"924","2","18530"
"926","909","5121"
"928","693","14341"
"931","109","16687"
"935","109","16212"
"936","5","18981"
"938","2","13894"
"941","899","14447"
"943","109","352"
"944","109","53"
"945","730","5040"
"949","782","637"
"952","5","18986"
"954","2","16097"
"955","860","18988"
"957","109","9138"
"963","832","18994"
"964","832","18995"
"965","832","18996"
"966","837","18997"
"967","1005","18998"
"969","109","19000"
"970","7","19001"
"971","972","16992"
"973","693","11590"
"974","109","16182"
"975","693","9596"
"976","2","2139"
"977","2","10002"
"979","7","19004"
"980","897","19005"
"982","1020","9053"
"984","1028","13560"
"985","1032","319"
"986","5","9195"
"991","109","19009"
"993","7","19011"
"994","7","19012"
"996","856","19013"
"997","1054","15163"
"998","2","92"
"999","693","14209"
"1002","734","19015"
"1005","734","19018"
"1006","836","19019"
"1007","2","19020"
"1008","2","19021"
"1016","5","8348"
"1017","690","19029"
"1018","690","19030"
"1020","5","19032"
"1022","1058","14139"
"1025","2","1600"
"1035","109","10215"
"1042","7","19040"
"1045","1020","10965"
"1046","109","795"
"1048","109","4747"
"1053","743","19046"
"1054","743","19045"
"1055","743","19047"
"1057","109","11423"
"1058","109","16514"
"1062","750","16614"
"1064","731","2628"
"1066","5","10920"
"1068","109","19056"
"1069","959","15362"
"1070","782","843"
"1071","1083","4417"
"1074","5","8928"
"1075","2","12221"
"1085","7","19025"
"1088","2","16317"
"1092","287","5750"
"1093","5","10975"
"1095","5","19070"
"1097","5","19072"
"1098","5","19073"
"1100","743","19074"
"1101","741","19067"
"1105","743","19077"
"1106","1005","19078"
"1107","109","7102"
"1108","2","19081"
"1111","109","3110"
"1112","240","19083"
"1113","109","5679"
"1114","109","5239"
"1117","2","5201"
"1118","109","19084"
"1119","754","18571"
"1120","109","18571"
"1122","813","1556"
"1124","109","3450"
"1126","743","10703"
"1129","741","19085"
"1130","109","19086"
"1131","741","19087"
"1132","5","19088"
"1136","849","18770"
"1137","849","19089"
"1139","896","19090"
"1140","7","18657"
"1142","7","19091"
"1143","5","19092"
"1144","5","18963"
"1145","7","19093"
"1147","5","19095"
"1148","7","19096"
"1149","897","19097"
"1152","743","19099"
"1154","743","19100"
"1155","2","10881"
"1156","2","8210"
"1158","1124","5176"
"1160","1124","13024"
"1163","5","16008"
"1164","109","1235"
"1165","109","129"
"1167","970","7256"
"1168","5","6470"
"1169","5","17289"
"1172","7","19102"
"1176","7","19104"
"1177","5","19105"
"1178","5","19002"
"1180","415","18830"
"1181","896","19106"
"1182","7","19107"
"1183","5","19108"
"1185","5","19110"
"1186","5","19111"
"1188","5","19112"
"1189","7","19113"
"1191","2","18910"
"1193","5","19115"
"1194","109","19116"
"1195","5","19117"
"1196","896","19118"
"1198","5","19119"
"1199","5","19120"
"1200","896","19121"
"1201","896","18961"
"1202","5","19122"
"1204","109","19123"
"1205","7","19124"
"1206","897","19125"
"1208","916","19126"
"1209","7","19127"
"1210","741","19128"
"1211","5","19129"
"1212","5","19130"
"1214","7","19132"
"1215","5","19133"
"1217","5","19027"
"1218","829","19134"
"1219","60","17996"
"1222","1083","10724"
"1223","5","16698"
"1225","2","12858"
"1226","240","19135"
"1227","741","19136"
"1228","829","19137"
"1231","916","19139"
"1232","5","19140"
"1236","7","19143"
"1237","7","19144"
"1238","896","19145"
"1239","896","19146"
"1243","5","19150"
"1244","7","19151"
"1247","7","19153"
"1253","916","19157"
"1254","5","19159"
"1255","5","19160"
"1256","5","19161"
"1258","5","19163"
"1259","7","19164"
"1261","240","19165"
"1262","7","19147"
"1263","958","19167"
"1265","690","19169"
"1270","743","19172"
"1272","109","19173"
"1275","1148","19175"
"1277","109","2608"
"1279","845","18661"
"1280","2","12000"
"1281","2","3787"
"1282","109","4191"
"1283","958","19178"
"1284","5","19179"
"1285","2","7183"
"1286","109","4520"
"1287","5","16821"
"1288","2","8836"
"1289","109","19180"
"1290","817","19181"
"1291","973","19182"
"1293","109","16198"
"1297","820","6759"
"1299","820","7263"
"1300","5","8816"
"1301","1090","19066"
"1302","2","13448"
"1304","5","5893"
"1305","240","19185"
"1306","240","19184"
"1307","240","19183"
"1309","1157","19187"
"1310","1157","19188"
"1311","743","19189"
"1312","896","19103"
"1313","287","6722"
"1314","730","16655"
"1316","2","10196"
"1318","2","3014"
"1319","109","19191"
"1320","109","7126"
"1321","109","19192"
"1322","109","15167"
"1323","689","19193"
"1324","820","19194"
"1327","896","19200"
"1328","109","15681"
"1330","813","5241"
"1331","826","5404"
"1332","5","19203"
"1334","2","2242"
"1335","5","17147"
"1336","813","525"
"1337","743","1435"
"1338","2","15295"
"1339","743","19186"
"1340","743","19205"
"1341","1183","327"
"1342","743","19206"
"1344","715","19207"
"1345","974","3040"
"1346","1185","19208"
"1348","1188","1900"
"1349","743","19209"
"1350","1193","19210"
"1351","240","719"
"1352","240","18181"
"1353","240","18196"
"1354","240","1131"
"1355","240","786"
"1356","109","2144"
"1357","109","11461"
"1358","5","17187"
"1359","109","16054"
"1362","5","9580"
"1363","109","1416"
"1365","7","18588"
"1366","7","18689"
"1367","7","18688"
"1370","690","19060"
"1371","690","19061"
"1373","896","19114"
"1374","2","17066"
"1376","741","18669"
"1377","916","18944"
"1379","1200","2088"
"1380","109","10105"
"1382","2","15770"
"1383","109","1353"
"1384","1202","10404"
"1385","820","10557"
"1386","1203","2461"
"1388","109","4000"
"1389","109","17054"
"1390","5","8377"
"1391","60","18993"
"1392","5","6971"
"1393","5","8366"
"1394","109","6260"
"1395","109","11601"
"1396","109","8316"
"1397","109","7941"
"1398","109","8153"
"1399","109","8501"
"1400","109","8364"
"1402","813","8709"
"1403","813","9956"
"1404","813","17770"
"1405","813","542"
"1406","2","7376"
"1410","2","2718"
"1411","2","6195"
"1412","2","17857"
"1413","2","6724"
"1414","2","7349"
"1416","2","6399"
"1417","2","2538"
"1418","2","6668"
"1419","2","6440"
"1420","2","6619"
"1421","2","3956"
"1422","2","8420"
"1423","2","7342"
"1424","2","8247"
"1426","2","6580"
"1427","2","7483"
"1428","860","3591"
"1429","2","17956"
"1430","2","17999"
"1431","2","18000"
"1432","2","18009"
"1433","2","18010"
"1434","2","18047"
"1435","2","18055"
"1436","2","18745"
"1437","2","544"
"1438","2","7469"
"1442","2","7439"
"1443","2","7792"
"1444","2","6481"
"1445","2","8193"
"1447","2","7918"
"1448","2","6627"
"1450","2","7209"
"1451","2","1495"
"1452","2","6709"
"1453","2","7048"
"1454","2","8132"
"1455","2","6144"
"1456","2","7895"
"1457","2","14496"
"1458","2","6433"
"1459","2","6231"
"1460","2","2544"
"1461","2","6364"
"1462","2","6454"
"1463","2","8362"
"1464","2","7298"
"1465","2","7123"
"1466","2","6268"
"1467","2","6859"
"1468","2","6414"
"1469","2","6845"
"1470","2","6278"
"1472","2","16286"
"1473","2","5678"
"1474","2","5259"
"1475","2","9384"
"1476","2","10084"
"1477","2","10085"
"1479","2","17664"
"1480","2","217"
"1481","2","384"
"1482","2","663"
"1483","2","904"
"1484","2","1136"
"1485","2","1329"
"1486","2","1566"
"1487","2","1736"
"1488","2","2089"
"1489","2","2286"
"1490","2","2569"
"1491","2","2744"
"1492","2","2815"
"1493","2","2969"
"1494","2","3052"
"1495","2","3192"
"1496","2","3361"
"1497","2","3420"
"1498","2","17047"
"1499","2","17088"
"1500","2","17136"
"1501","2","17208"
"1502","2","17900"
"1503","2","17929"
"1504","2","17930"
"1505","2","17931"
"1506","2","17932"
"1507","2","17933"
"1508","2","17941"
"1510","2","17943"
"1511","2","17944"
"1512","2","17946"
"1513","2","18826"
"1514","2","18982"
"1515","2","19049"
"1516","2","4246"
"1517","421","12475"
"1519","2","15176"
"1520","1250","4308"
"1522","109","1599"
"1523","1251","4343"
"1525","1252","4449"
"1526","109","10360"
"1527","109","6961"
"1528","109","11066"
"1531","750","6651"
"1532","5","6362"
"1533","974","15967"
"1534","974","15968"
"1535","974","1377"
"1536","974","7186"
"1537","974","1376"
"1538","974","7207"
"1539","974","7659"
"1540","974","1375"
"1541","731","18542"
"1542","2","16935"
"1543","2","16611"
"1544","782","3847"
"1545","820","10201"
"1546","820","10699"
"1548","2","17897"
"1549","2","8158"
"1550","109","10904"
"1553","846","11361"
"1554","2","11993"
"1555","2","2869"
"1556","2","3277"
"1557","2","17225"
"1558","287","12376"
"1559","287","7258"
"1562","1340","17777"
"1563","2","17784"
"1564","689","17665"
"1565","689","958"
"1566","689","1862"
"1568","743","17785"
"1571","1341","17786"
"1572","109","17787"
"1573","2","16764"
"1575","415","17788"
"1576","846","18987"
"1577","109","1891"
"1578","1342","8575"
"1580","109","17790"
"1581","415","12840"
"1582","1343","17791"
"1583","980","316"
"1584","813","17792"
"1586","817","1029"
"1587","1344","17794"
"1588","743","17795"
"1589","415","6915"
"1591","1074","17796"
"1593","109","9313"
"1594","734","17798"
"1595","2","6691"
"1597","1345","2049"
"1598","813","17799"
"1599","813","17370"
"1600","109","17801"
"1601","1346","17802"
"1602","2","17803"
"1604","813","17494"
"1605","813","17470"
"1606","1347","17804"
"1607","813","17458"
"1608","813","17419"
"1609","415","17805"
"1611","1348","17806"
"1612","813","17469"
"1613","813","2443"
"1614","813","3400"
"1615","813","19230"
"1616","813","19231"
"1617","109","10423"
"1618","109","7759"
"1619","5","17807"
"1620","1349","17808"
"1621","109","7784"
"1622","60","10524"
"1623","5","13194"
"1624","1350","17811"
"1625","846","17826"
"1626","109","17827"
"1627","743","18056"
"1629","5","14366"
"1630","743","18057"
"1631","1351","18057"
"1632","743","5387"
"1633","1349","2481"
"1635","2","7856"
"1636","2","8446"
"1637","2","7496"
"1638","1352","8882"
"1639","415","18133"
"1641","1157","18302"
"1642","731","14791"
"1643","5","18359"
"1645","2","14774"
"1646","2","19171"
"1647","109","15554"
"1648","2","19211"
"1649","2","14657"
"1650","1353","19212"
"1652","5","19213"
"1653","5","19214"
"1654","1340","16354"
"1655","109","19215"
"1656","109","19216"
"1657","926","6927"
"1659","813","522"
"1660","813","9413"
"1661","974","40"
"1662","1354","19217"
"1663","813","698"
"1664","782","5021"
"1665","2","19218"
"1666","2","2662"
"1667","2","11972"
"1668","813","11215"
"1669","813","1753"
"1670","813","299"
"1671","813","1772"
"1672","813","7273"
"1673","974","19219"
"1674","109","19220"
"1675","109","8434"
"1676","1074","19221"
"1677","693","19222"
"1678","109","19223"
"1679","109","5918"
"1680","1355","6280"
"1681","109","19224"
"1682","2","10949"
"1683","743","19225"
"1684","743","19226"
"1685","109","11811"
"1686","2","3764"
"1687","1356","19227"
"1688","287","13780"
"1689","856","19229"
"1690","109","13189"
"1692","2","14626"
"1693","2","15908"
"1694","414","11242"
"1695","2","15387"
"1698","109","2035"
"1700","1359","12556"
"1701","5","9943"
"1702","5","10001"
"1703","5","16311"
"1705","743","19071"
"1706","5","13231"
"1707","5","17698"
"1708","109","17800"
"1709","818","18134"
"1710","109","19228"
"1712","5","19232"
"1713","693","15715"
"1714","2","13740"
"1715","109","15174"
"1716","817","19233"
"1717","109","1593"
"1718","2","17046"
"1719","109","12681"
"1720","912","18852"
"1721","813","359"
"1722","2","14415"
"1725","109","10489"
"1726","109","4138"
"1727","287","165"
"1728","2","16630"
"1729","287","17744"
"1730","109","7424"
"1731","109","11500"
"1732","109","8317"
"1733","109","8018"
"1734","109","6551"
"1735","109","7906"
"1736","109","7490"
"1737","109","7458"
"1738","109","6679"
"1739","109","7883"
"1740","109","5631"
"1741","109","7677"
"1742","109","9149"
"1743","109","14542"
"1744","109","913"
"1745","109","19234"
"1746","109","10492"
"1747","109","9526"
"1748","109","10487"
"1749","109","10490"
"1750","109","7658"
"1752","109","19240"
"1753","109","19241"
"1754","109","10503"
"1755","5","9074"
"1756","5","11861"
"1757","109","16180"
"1759","5","5450"
"1760","731","7961"
"1761","2","2063"
"1763","813","661"
"1764","2","5377"
"1765","5","17780"
"1766","813","17782"
"1767","109","17778"
"1768","2","17092"
"1769","2","2448"
"1770","2","2309"
"1771","2","1840"
"1772","2","765"
"1773","2","1634"
"1774","2","17952"
"1775","2","17953"
"1776","2","18046"
"1777","2","18109"
"1778","109","516"
"1779","1399","8783"
"1780","2","17779"
"1782","5","17809"
"1783","2","17797"
"1784","109","9352"
"1785","109","10433"
"1786","109","10486"
"1787","109","8310"
"1788","109","7897"
"1789","109","5283"
"1790","109","10124"
"1791","926","15981"
"1792","926","14129"
"1793","926","6714"
"1794","926","7781"
"1795","926","17821"
"1797","2","2670"
"1800","2","3748"
"1802","2","4061"
"1803","2","1538"
"1804","2","1728"
"1805","2","1516"
"1806","2","2014"
"1807","2","4522"
"1808","2","2191"
"1809","2","12427"
"1810","2","12644"
"1811","2","460"
"1812","2","4700"
"1813","2","150"
"1814","2","6736"
"1815","2","12038"
"1816","109","12645"
"1817","109","19245"
"1818","109","19244"
"1819","109","19243"
"1820","109","19242"
"1821","109","12543"
"1822","109","10491"
"1823","109","11177"
"1824","109","12597"
"1825","109","17822"
"1826","109","12578"
"1827","109","12586"
"1829","109","12620"
"1830","2","12662"
"1831","2","16271"
"1832","2","13287"
"1833","109","19250"
"1834","109","19249"
"1835","109","19248"
"1836","109","19247"
"1838","109","19246"
"1839","109","12923"
"1840","109","12824"
"1841","820","13115"
"1842","2","17892"
"1844","109","13292"
"1845","109","16531"
"1846","109","2886"
"1847","2","1145"
"1848","2","1878"
"1849","2","2196"
"1850","2","2283"
"1851","2","5517"
"1852","109","5519"
"1853","109","5523"
"1855","731","19082"
"1857","2","5786"
"1858","2","6105"
"1859","2","16270"
"1860","109","19251"
"1861","109","19252"
"1862","109","19253"
"1863","109","19254"
"1864","2","8043"
"1865","2","8103"
"1866","109","9022"
"1867","926","9024"
"1868","5","9081"
"1869","5","9086"
"1870","5","2594"
"1871","5","19255"
"1872","5","19256"
"1873","782","19257"
"1874","782","19258"
"1875","782","19259"
"1876","782","19260"
"1877","782","19261"
"1878","109","10511"
"1879","926","9627"
"1880","813","11627"
"1881","109","11676"
"1882","1402","17824"
"1883","1402","17853"
"1884","813","12901"
"1885","813","12896"
"1886","813","12907"
"1887","926","17825"
"1888","2","13445"
"1890","820","303"
"1891","820","17730"
"1892","2","1668"
"1893","2","14566"
"1894","2","19262"
"1895","820","13492"
"1896","109","13730"
"1897","813","13791"
"1898","813","6615"
"1899","109","14025"
"1900","109","14031"
"1901","109","14032"
"1902","109","14036"
"1903","109","14037"
"1905","109","14040"
"1906","109","14041"
"1907","109","14042"
"1908","820","14046"
"1909","820","5020"
"1910","820","10077"
"1911","813","290"
"1912","813","2759"
"1913","813","2760"
"1914","813","2761"
"1915","813","2762"
"1916","813","2763"
"1917","813","2335"
"1918","813","3050"
"1919","813","18202"
"1920","813","19263"
"1921","813","19264"
"1922","813","19265"
"1923","813","19266"
"1924","813","19267"
"1925","813","19268"
"1926","1083","17828"
"1927","1083","17865"
"1929","1083","17867"
"1930","109","14161"
"1931","1340","14610"
"1933","109","11867"
"1934","109","3601"
"1935","690","12721"
"1936","690","19269"
"1937","690","19270"
"1938","690","19271"
"1939","690","19272"
"1941","690","11798"
"1942","2","4302"
"1943","2","1505"
"1944","2","8996"
"1945","2","11350"
"1946","2","12226"
"1947","2","19273"
"1948","2","11468"
"1949","2","5817"
"1950","2","3677"
"1952","109","11799"
"1953","2","16857"
"1955","109","2959"
"1957","109","4386"
"1958","109","3176"
"1959","2","9470"
"1961","5","3120"
"1962","109","19277"
"1963","2","7217"
"1965","690","5812"
"1966","690","5821"
"1967","690","16864"
"1968","690","2280"
"1969","690","9479"
"1970","690","11908"
"1971","2","6718"
"1972","2","7916"
"1974","2","6282"
"1975","2","3482"
"1977","2","7772"
"1979","2","8260"
"1980","2","7271"
"1981","1403","7388"
"1982","109","18654"
"1983","690","3769"
"1984","690","6790"
"1985","690","19281"
"1986","926","19284"
"1988","926","19285"
"1991","926","19286"
"1992","926","19287"
"1993","2","19288"
"1994","2","19289"
"1995","782","19291"
"1997","2","19293"
"1999","1185","19294"
"2000","1185","19295"
"2001","1185","19296"
"2002","2","19300"
"2004","2","19301"
"2005","2","19302"
"2006","2","19303"
"2007","2","19304"
"2008","2","19305"
"2009","2","19306"
"2010","2","19308"
"2011","2","19309"
"2012","2","19310"
"2013","690","19311"
"2015","782","19315"
"2016","782","19316"
"2017","1404","19319"
"2018","2","7708"
"2019","2","7011"
"2020","2","6634"
"2021","2","7340"
"2023","2","8005"
"2024","2","7491"
"2025","2","14275"
"2026","2","16452"
"2027","2","7673"
"2028","2","7822"
"2029","2","19320"
"2030","820","14925"
"2031","820","7029"
"2032","813","8059"
"2034","813","13195"
"2035","813","10528"
"2036","813","17354"
"2037","813","19321"
"2040","1074","16780"
"2041","926","930"
"2042","926","6893"
"2043","926","13844"
"2045","240","17937"
"2046","240","17938"
"2047","240","18063"
"2048","240","18064"
"2050","240","17935"
"2051","240","18065"
"2054","240","17936"
"2055","240","18066"
"2057","240","17939"
"2058","240","18067"
"2060","240","18068"
"2061","240","17934"
"2062","240","18069"
"2063","240","18070"
"2064","240","18071"
"2065","240","18072"
"2066","240","18073"
"2067","240","18074"
"2069","240","18075"
"2070","240","18076"
"2072","240","18077"
"2073","240","18078"
"2074","240","18079"
"2075","240","18080"
"2076","240","18081"
"2077","240","18082"
"2078","240","18083"
"2079","240","17971"
"2080","241","17971"
"2081","240","18084"
"2082","240","17972"
"2084","240","18085"
"2085","240","18086"
"2086","240","18087"
"2087","240","18088"
"2088","240","18089"
"2089","240","18090"
"2090","240","18091"
"2091","240","18092"
"2092","240","18093"
"2093","741","18093"
"2094","240","18094"
"2095","240","18095"
"2096","240","18096"
"2097","240","18097"
"2098","240","18098"
"2099","240","18099"
"2100","240","18106"
"2101","240","18100"
"2102","240","18101"
"2103","240","18062"
"2104","240","18102"
"2105","240","18103"
"2106","240","18104"
"2108","240","18105"
"2110","240","18107"
"2111","240","18108"
"2112","240","18112"
"2114","240","18113"
"2115","240","18114"
"2116","240","18115"
"2117","240","18116"
"2118","240","18576"
"2119","240","18579"
"2120","240","18587"
"2121","240","18593"
"2122","240","18600"
"2123","240","18645"
"2124","240","18672"
"2125","240","18679"
"2126","240","18701"
"2127","240","18715"
"2128","240","18635"
"2129","240","18738"
"2130","240","18740"
"2131","240","18766"
"2132","240","18753"
"2133","240","18749"
"2134","240","18760"
"2135","240","18797"
"2136","240","18798"
"2137","240","18799"
"2138","240","18800"
"2139","240","18801"
"2140","240","18802"
"2141","240","18803"
"2142","240","18804"
"2143","240","18857"
"2144","240","18858"
"2145","240","18870"
"2147","240","18877"
"2148","240","18805"
"2149","240","18919"
"2150","240","18918"
"2151","240","18931"
"2152","240","18932"
"2153","240","18929"
"2154","240","18936"
"2156","240","18948"
"2157","240","18952"
"2158","240","18968"
"2159","240","18975"
"2160","240","18976"
"2162","240","18990"
"2163","240","18991"
"2164","240","18992"
"2165","240","19023"
"2166","240","19024"
"2167","240","19035"
"2168","240","19051"
"2169","240","19050"
"2170","240","19055"
"2171","240","19068"
"2172","240","19069"
"2173","240","2344"
"2174","240","19322"
"2175","240","19323"
"2176","240","19324"
"2177","240","19325"
"2178","240","19326"
"2180","240","19327"
"2181","240","19328"
"2182","240","19329"
"2183","109","19330"
"2185","109","4298"
"2186","926","17829"
"2187","109","11751"
"2188","109","9506"
"2189","109","17859"
"2190","109","10860"
"2191","109","11407"
"2192","109","11567"
"2193","109","9333"
"2194","974","9365"
"2195","974","13232"
"2196","1074","9488"
"2197","689","11623"
"2198","109","17831"
"2199","109","10857"
"2200","109","19331"
"2201","109","19332"
"2202","2","17832"
"2203","109","17844"
"2204","109","19333"
"2205","109","19334"
"2206","109","19335"
"2207","926","6367"
"2208","926","6219"
"2209","926","6145"
"2210","926","8452"
"2211","926","3015"
"2212","926","2457"
"2213","926","2458"
"2214","926","2459"
"2215","926","2460"
"2217","926","18871"
"2218","926","19336"
"2219","926","19337"
"2220","926","6710"
"2221","926","6571"
"2222","926","7803"
"2223","926","8239"
"2224","926","8412"
"2225","926","8205"
"2226","926","16409"
"2228","926","19338"
"2229","2","17905"
"2231","2","6449"
"2232","2","2938"
"2233","741","18778"
"2234","2","3029"
"2236","926","17858"
"2237","813","8727"
"2238","813","1102"
"2239","813","2179"
"2241","2","8484"
"2242","2","6141"
"2243","2","12217"
"2244","2","6383"
"2246","109","2493"
"2247","109","6083"
"2248","109","9408"
"2249","109","553"
"2250","109","7675"
"2251","109","8285"
"2253","926","7598"
"2254","926","17660"
"2256","926","898"
"2257","926","51"
"2258","926","17866"
"2259","2","17950"
"2260","813","17919"
"2261","813","17894"
"2262","813","8296"
"2264","813","10336"
"2265","813","526"
"2266","813","855"
"2267","813","2580"
"2268","813","2581"
"2269","813","2582"
"2270","813","2583"
"2271","813","2584"
"2272","813","2585"
"2273","813","11115"
"2274","813","11629"
"2275","813","8648"
"2276","813","9753"
"2277","813","9754"
"2278","813","1754"
"2279","813","1897"
"2280","813","19339"
"2281","813","19340"
"2282","240","19341"
"2283","109","13408"
"2284","109","6062"
"2285","109","19342"
"2286","109","19343"
"2287","109","19344"
"2288","109","19345"
"2289","109","19346"
"2290","2","8160"
"2291","2","13411"
"2292","2","19347"
"2293","2","5375"
"2294","2","19348"
"2296","287","17833"
"2297","2","17834"
"2298","2","17951"
"2300","2","8007"
"2301","1417","19355"
"2302","926","17881"
"2303","1417","19354"
"2304","1417","4856"
"2305","926","16447"
"2306","926","17899"
"2307","926","6860"
"2308","926","6829"
"2309","926","6196"
"2310","926","8207"
"2311","926","8227"
"2312","1418","19353"
"2313","926","19352"
"2314","926","19351"
"2315","926","19350"
"2316","926","19349"
"2317","926","6566"
"2318","926","17835"
"2319","926","8345"
"2320","926","8049"
"2321","926","7808"
"2322","926","7147"
"2323","926","17836"
"2325","926","17839"
"2326","2","14381"
"2327","2","14462"
"2328","1422","17840"
"2330","689","14634"
"2331","287","14642"
"2332","2","14643"
"2333","926","14881"
"2334","926","17841"
"2335","1074","14935"
"2336","109","14940"
"2337","109","14938"
"2338","109","14941"
"2339","109","14949"
"2340","109","14936"
"2341","109","14942"
"2342","109","14948"
"2344","109","14951"
"2345","109","14950"
"2346","109","14956"
"2348","109","14946"
"2349","109","14952"
"2350","109","14953"
"2351","109","14954"
"2352","109","14957"
"2353","109","14937"
"2354","109","14939"
"2355","109","14296"
"2356","109","14945"
"2357","109","14943"
"2358","109","14274"
"2359","1044","19007"
"2360","1044","19008"
"2361","813","2248"
"2362","109","13135"
"2363","2","17048"
"2365","2","8862"
"2366","287","6067"
"2367","287","5372"
"2368","2","2570"
"2370","2","17837"
"2371","109","15042"
"2372","109","15117"
"2373","109","15119"
"2374","109","15125"
"2375","109","15138"
"2376","109","15273"
"2377","109","17842"
"2378","109","17847"
"2379","109","17838"
"2380","109","15567"
"2381","109","16121"
"2383","1076","19048"
"2384","2","19356"
"2385","2","4024"
"2386","1499","1126"
"2387","1074","12939"
"2388","966","18127"
"2389","1092","12383"
"2390","287","6181"
"2391","109","17843"
"2392","109","17845"
"2393","109","19357"
"2394","109","19358"
"2395","974","16025"
"2396","109","549"
"2397","109","17398"
"2398","2","17848"
"2399","2","19361"
"2401","2","19362"
"2402","109","16208"
"2403","109","6855"
"2404","109","3872"
"2405","109","3881"
"2406","109","10055"
"2407","743","17060"
"2408","743","19363"
"2409","5","7104"
"2410","743","19366"
"2411","109","8740"
"2412","2","5271"
"2413","2","16240"
"2414","109","19367"
"2415","743","19364"
"2416","743","19365"
"2417","813","16404"
"2418","813","5352"
"2419","813","16413"
"2420","109","16424"
"2421","2","6156"
"2422","2","6844"
"2423","2","6523"
"2424","2","7704"
"2425","2","19368"
"2426","109","6175"
"2428","109","7629"
"2429","109","6251"
"2431","109","6255"
"2432","109","8423"
"2433","109","6310"
"2434","109","8063"
"2435","109","6350"
"2436","109","6693"
"2437","109","6317"
"2438","109","7613"
"2439","109","8340"
"2440","109","6750"
"2441","109","10763"
"2442","109","19369"
"2443","109","19370"
"2444","109","19371"
"2445","109","19372"
"2446","109","16371"
"2447","5","6289"
"2448","5","5401"
"2449","5","7487"
"2451","5","7965"
"2452","2","9774"
"2453","2","10482"
"2454","2","9773"
"2455","2","9771"
"2456","2","8433"
"2458","813","6294"
"2459","813","6446"
"2460","918","17849"
"2461","918","18856"
"2462","109","6396"
"2463","2","6464"
"2464","2","17850"
"2465","820","7747"
"2466","2","19373"
"2467","820","7096"
"2468","820","6311"
"2470","2","8237"
"2471","2","19374"
"2472","2","19375"
"2473","2","19376"
"2475","5","17016"
"2476","109","7119"
"2477","109","8044"
"2478","109","6686"
"2479","109","7216"
"2480","109","7177"
"2481","109","6343"
"2482","109","7867"
"2483","2","19378"
"2484","109","5234"
"2485","109","4437"
"2487","109","17466"
"2488","109","5669"
"2491","109","10284"
"2493","109","1758"
"2494","109","10440"
"2495","109","17940"
"2496","109","10595"
"2498","109","10542"
"2499","109","10274"
"2500","109","10510"
"2501","109","4708"
"2502","109","10514"
"2503","109","8081"
"2504","109","7597"
"2506","109","6386"
"2507","109","6720"
"2509","109","7358"
"2511","2","7754"
"2512","2","5257"
"2513","109","6755"
"2514","109","6488"
"2515","109","8473"
"2516","926","6393"
"2519","926","6515"
"2520","926","7116"
"2521","926","7994"
"2522","926","10163"
"2523","926","6339"
"2524","926","8394"
"2525","1514","7077"
"2526","974","10164"
"2527","1515","10165"
"2529","926","6549"
"2531","926","8331"
"2532","926","8009"
"2533","926","7536"
"2534","109","6717"
"2535","109","6697"
"2536","109","6791"
"2537","109","7334"
"2538","109","2902"
"2539","109","10166"
"2541","2","6738"
"2542","2","6732"
"2543","109","10167"
"2544","859","18713"
"2545","2","10168"
"2547","2","10169"
"2548","2","18357"
"2549","2","18446"
"2550","2","17851"
"2551","1526","18512"
"2552","1526","19379"
"2553","1526","19380"
"2554","1526","19381"
"2557","109","6574"
"2560","109","17907"
"2561","109","19382"
"2562","5","6630"
"2563","5","6532"
"2564","5","7688"
"2565","5","7476"
"2566","2","6683"
"2567","109","6153"
"2568","109","8325"
"2569","109","8712"
"2571","109","6689"
"2572","109","19383"
"2574","109","2992"
"2575","109","16794"
"2576","109","8435"
"2577","109","7632"
"2578","109","8379"
"2579","109","17852"
"2581","821","7111"
"2583","730","7325"
"2584","109","4045"
"2585","820","4613"
"2586","821","4613"
"2587","822","10266"
"2588","820","4614"
"2589","822","4615"
"2590","823","10320"
"2591","824","10757"
"2592","821","7707"
"2593","820","7013"
"2594","825","10212"
"2595","826","10506"
"2596","820","4616"
"2597","820","4617"
"2598","109","7082"
"2599","5","7165"
"2600","5","19384"
"2601","5","7109"
"2602","5","6579"
"2603","5","8508"
"2604","5","7773"
"2605","109","17716"
"2607","109","95"
"2608","109","7087"
"2609","109","1073"
"2610","109","1074"
"2611","109","4640"
"2613","2","7185"
"2614","2","6407"
"2615","2","7197"
"2616","2","8415"
"2617","2","8041"
"2618","2","8930"
"2619","2","8409"
"2620","2","6654"
"2621","2","7641"
"2622","2","8337"
"2623","743","3223"
"2624","109","7560"
"2625","109","4641"
"2630","2","7200"
"2631","2","6707"
"2633","2","6426"
"2634","2","7920"
"2635","2","7982"
"2636","2","6716"
"2637","731","16792"
"2638","109","16807"
"2639","731","16810"
"2640","731","16795"
"2641","731","16819"
"2642","731","4643"
"2643","731","17514"
"2644","731","16836"
"2645","731","19385"
"2646","731","19386"
"2648","731","4441"
"2649","731","16839"
"2650","731","16843"
"2651","820","4861"
"2652","820","7863"
"2653","820","7878"
"2654","820","7249"
"2655","2","7255"
"2657","2","8036"
"2658","2","7309"
"2659","813","7317"
"2660","109","7335"
"2662","820","7411"
"2663","820","8290"
"2664","820","4704"
"2665","820","1192"
"2667","820","19387"
"2668","820","19388"
"2669","820","19389"
"2670","820","19390"
"2671","820","459"
"2672","5","7417"
"2673","109","8117"
"2675","109","7430"
"2676","109","11609"
"2678","109","3546"
"2679","2","7501"
"2680","2","7495"
"2681","109","7537"
"2682","5","7586"
"2683","896","19195"
"2684","1092","7607"
"2685","2","7619"
"2686","2","8373"
"2687","2","7140"
"2689","2","7686"
"2690","2","8480"
"2691","5","7721"
"2692","109","7873"
"2693","926","7854"
"2694","813","7828"
"2695","813","7278"
"2696","813","7189"
"2697","5","7805"
"2698","109","7789"
"2699","926","3182"
"2700","926","17854"
"2701","813","6606"
"2702","813","6188"
"2703","813","7756"
"2704","2","7746"
"2705","813","7736"
"2706","813","12303"
"2707","109","14678"
"2709","2","11338"
"2710","5","7300"
"2711","5","6879"
"2712","109","11956"
"2713","5","11954"
"2714","5","7729"
"2715","287","11967"
"2716","813","11969"
"2717","1342","12010"
"2718","1342","12378"
"2719","2","3712"
"2720","2","7921"
"2721","926","17855"
"2722","2","8003"
"2723","109","7257"
"2724","109","8017"
"2725","109","15640"
"2726","109","8031"
"2727","109","9433"
"2728","416","8126"
"2729","109","7767"
"2730","416","17923"
"2731","2","17856"
"2732","2","17789"
"2733","820","8091"
"2734","820","7763"
"2735","820","280"
"2736","820","3003"
"2737","109","3753"
"2738","109","13710"
"2739","109","8200"
"2740","109","8326"
"2741","109","13148"
"2742","109","7373"
"2743","109","8144"
"2744","109","7016"
"2745","109","6347"
"2746","109","7933"
"2747","109","4801"
"2748","109","8595"
"2749","109","17681"
"2750","109","2824"
"2751","109","38"
"2752","109","19391"
"2753","109","19392"
"2754","109","19393"
"2755","109","8271"
"2756","109","2474"
"2758","2","8286"
"2759","109","8305"
"2760","813","11382"
"2761","813","7931"
"2762","813","8312"
"2763","813","1246"
"2764","109","12284"
"2765","2","8335"
"2766","926","8404"
"2767","926","858"
"2768","926","8558"
"2769","926","10304"
"2770","926","10376"
"2771","2","8428"
"2772","926","8481"
"2773","926","8482"
"2774","109","11652"
"2775","109","5024"
"2776","109","634"
"2777","2","5378"
"2778","813","17862"
"2779","820","5270"
"2780","813","4987"
"2782","813","292"
"2783","813","4945"
"2784","813","10505"
"2785","813","291"
"2786","813","2404"
"2787","2","8355"
"2788","2","4017"
"2789","2","7428"
"2790","2","6620"
"2791","2","3586"
"2792","2","8352"
"2793","2","6993"
"2794","725","5058"
"2795","725","17861"
"2796","725","10609"
"2797","725","10997"
"2798","725","17528"
"2799","725","19399"
"2800","730","5564"
"2801","730","10030"
"2802","109","8559"
"2803","730","10032"
"2804","743","12293"
"2805","743","19400"
"2808","743","19401"
"2809","820","993"
"2810","820","8563"
"2812","5","19402"
"2813","725","17863"
"2814","926","17864"
"2815","725","5312"
"2816","743","19403"
"2818","743","19404"
"2819","2","6088"
"2820","2","5883"
"2821","2","11228"
"2822","2","2687"
"2823","2","8640"
"2824","2","10200"
"2825","2","2543"
"2826","2","2589"
"2827","287","19405"
"2828","730","17868"
"2829","730","19406"
"2830","109","8721"
"2832","813","8722"
"2833","813","8914"
"2834","813","10069"
"2835","813","17869"
"2836","1083","17870"
"2837","1083","17871"
"2838","2","17873"
"2839","2","17872"
"2840","813","9446"
"2841","813","11234"
"2842","820","9594"
"2843","813","6974"
"2844","782","17874"
"2845","813","539"
"2846","813","1907"
"2848","109","1546"
"2849","109","560"
"2850","2","8577"
"2851","2","728"
"2852","2","2033"
"2854","2","17875"
"2855","2","15747"
"2856","2","19407"
"2857","2","19408"
"2859","730","17898"
"2860","730","19409"
"2861","730","19410"
"2863","926","17878"
"2864","813","10970"
"2865","813","755"
"2866","813","19411"
"2867","109","17876"
"2868","813","17877"
"2869","813","17902"
"2870","109","9955"
"2871","287","9609"
"2872","926","17880"
"2873","926","17882"
"2874","2","17883"
"2875","109","17884"
"2878","813","283"
"2879","813","2282"
"2880","813","11191"
"2881","813","17885"
"2882","813","17886"
"2883","813","11018"
"2884","813","17887"
"2885","109","11017"
"2886","813","19412"
"2887","813","19413"
"2888","5","17888"
"2889","5","19414"
"2890","5","19415"
"2891","5","19416"
"2892","1538","17890"
"2893","2","17891"
"2894","743","17977"
"2895","2","17893"
"2896","813","17668"
"2897","813","17731"
"2898","813","17735"
"2899","813","1245"
"2900","813","916"
"2901","856","1049"
"2902","813","1040"
"2903","813","17908"
"2905","1539","19421"
"2906","813","269"
"2907","813","2614"
"2908","813","3330"
"2909","813","948"
"2910","813","1190"
"2911","813","19418"
"2912","813","19419"
"2913","743","19420"
"2914","730","14466"
"2915","730","8643"
"2916","730","17678"
"2917","730","556"
"2918","730","1368"
"2919","730","14553"
"2921","813","16127"
"2922","813","871"
"2923","813","1687"
"2924","813","2454"
"2925","813","17108"
"2926","813","17464"
"2927","813","1756"
"2928","813","1759"
"2929","813","2111"
"2931","2","1788"
"2932","2","2228"
"2933","813","2006"
"2934","813","1602"
"2935","813","3463"
"2936","813","3798"
"2937","813","4119"
"2939","109","2320"
"2940","109","2571"
"2941","109","19417"
"2942","109","19422"
"2943","813","2769"
"2944","109","1917"
"2945","813","2183"
"2946","813","2946"
"2947","2","3356"
"2948","2","3455"
"2949","2","3457"
"2950","2","17895"
"2951","2","17896"
"2952","1540","17901"
"2953","813","17903"
"2954","813","17904"
"2955","813","19423"
"2956","2","17909"
"2957","813","17910"
"2958","813","17911"
"2959","813","17973"
"2960","813","17974"
"2961","326","17912"
"2962","326","17913"
"2963","326","17914"
"2964","813","17915"
"2965","109","19424"
"2966","813","19425"
"2967","813","19426"
"2968","1541","19427"
"2970","1541","19428"
"2974","813","19431"
"2975","1541","19432"
"2977","743","19433"
"2978","743","14828"
"2979","743","19430"
"2980","743","19429"
"2981","813","19434"
"2982","813","19435"
"2983","109","19436"
"2984","109","19437"
"2985","2","17928"
"2986","2","17927"
"2987","2","17926"
"2988","2","17925"
"2989","109","17924"
"2990","813","17922"
"2991","2","17921"
"2992","734","17918"
"2993","813","17917"
"2994","813","17916"
"2995","731","15014"
"2997","2","8214"
"2998","2","8814"
"3000","2","6880"
"3001","2","8053"
"3002","2","17920"
"3005","2","19439"
"3007","2","19438"
"3008","2","6275"
"3011","109","17954"
"3013","734","17955"
"3014","2","17958"
"3015","109","17961"
"3016","109","17962"
"3017","109","1769"
"3018","109","19440"
"3019","109","19441"
"3020","109","19442"
"3021","5","17970"
"3022","2","17975"
"3023","2","17984"
"3024","2","17985"
"3025","2","19443"
"3026","1542","17989"
"3027","287","11750"
"3028","2","17990"
"3029","2","17991"
"3030","2","10036"
"3032","109","7129"
"3033","109","6495"
"3034","109","96"
"3035","109","7478"
"3036","109","7377"
"3037","109","6226"
"3038","109","7998"
"3039","109","19444"
"3040","109","7938"
"3041","109","7307"
"3042","109","6802"
"3043","109","6336"
"3044","109","8430"
"3045","109","11548"
"3046","109","11581"
"3047","109","7336"
"3048","109","19445"
"3049","109","2133"
"3050","109","19447"
"3051","2","4256"
"3052","287","6711"
"3053","522","18035"
"3054","536","18037"
"3055","536","18038"
"3056","536","18039"
"3057","536","18040"
"3059","536","18041"
"3060","109","5442"
"3062","5","18840"
"3064","5","18580"
"3065","5","18045"
"3066","5","17992"
"3069","782","6810"
"3070","2","18043"
"3071","2","18052"
"3072","5","18053"
"3073","7","18054"
"3075","5","18044"
"3076","5","18741"
"3077","689","18058"
"3078","690","18059"
"3079","690","5471"
"3080","690","7584"
"3082","693","7582"
"3083","109","6525"
"3084","5","17781"
"3085","109","14449"
"3086","725","18538"
"3087","725","9548"
"3088","743","14891"
"3090","743","18395"
"3091","1543","19448"
"3092","7","18191"
"3094","5","18175"
"3095","2","5364"
"3096","7","18157"
"3097","7","18555"
"3098","7","18735"
"3100","5","18189"
"3101","5","18673"
"3102","5","18915"
"3104","7","18543"
"3105","730","14051"
"3106","7","18862"
"3107","7","18863"
"3108","7","18819"
"3109","7","18615"
"3110","7","18187"
"3111","7","18186"
"3112","7","18549"
"3113","7","18639"
"3114","7","18640"
"3115","7","18641"
"3116","7","18642"
"3117","7","18638"
"3118","5","18816"
"3119","5","18678"
"3120","5","18190"
"3121","5","18111"
"3123","734","18544"
"3125","416","14671"
"3126","7","18145"
"3127","7","18156"
"3128","7","18548"
"3129","2","18547"
"3130","741","18550"
"3131","741","18170"
"3132","741","18810"
"3133","741","18551"
"3134","741","18813"
"3135","7","18558"
"3136","7","18559"
"3137","1090","17948"
"3138","750","18563"
"3140","5","10555"
"3141","1546","19450"
"3142","2","18566"
"3143","2","19451"
"3144","2","18787"
"3145","2","18567"
"3146","1547","19452"
"3148","109","19453"
"3151","109","19454"
"3153","109","19455"
"3154","109","19456"
"3155","109","19457"
"3156","109","18568"
"3157","2","7071"
"3158","2","19458"
"3159","782","18582"
"3160","2","8265"
"3161","2","18577"
"3162","2","18581"
"3164","7","18552"
"3165","7","19065"
"3166","7","18589"
"3167","7","18765"
"3168","7","18933"
"3169","7","18590"
"3170","5","17810"
"3173","5","18786"
"3174","5","18829"
"3175","5","18710"
"3176","5","18602"
"3177","5","18592"
"3178","7","18598"
"3180","741","18599"
"3181","741","18812"
"3182","741","18668"
"3183","741","18666"
"3184","741","18667"
"3185","741","18811"
"3186","741","18670"
"3187","690","18883"
"3188","690","18618"
"3189","7","18123"
"3190","7","18731"
"3191","7","18684"
"3193","7","18683"
"3194","7","18681"
"3195","7","18674"
"3196","7","18680"
"3198","7","19176"
"3199","7","19149"
"3200","7","19038"
"3201","7","19039"
"3202","7","18833"
"3203","7","18776"
"3205","7","18700"
"3206","7","18729"
"3207","7","18653"
"3208","7","18636"
"3209","7","18687"
"3210","7","18707"
"3211","7","18637"
"3212","5","18716"
"3213","849","18921"
"3214","849","18691"
"3215","849","18690"
"3216","741","18733"
"3218","741","18632"
"3219","741","18633"
"3220","690","18878"
"3221","690","18717"
"3222","690","18682"
"3223","829","18730"
"3224","741","18718"
"3225","828","18180"
"3226","7","18723"
"3227","690","18820"
"3228","690","19062"
"3229","741","18758"
"3230","7","18166"
"3231","7","18788"
"3232","7","18943"
"3233","7","18909"
"3234","7","18757"
"3235","741","18834"
"3237","829","18736"
"3238","741","18750"
"3239","741","18842"
"3240","7","18827"
"3241","741","18845"
"3242","741","19459"
"3243","741","18914"
"3245","109","18664"
"3246","7","19036"
"3247","7","18908"
"3248","7","18756"
"3249","916","18855"
"3250","897","18882"
"3251","7","18893"
"3252","5","18773"
"3253","7","18806"
"3254","7","18702"
"3255","7","19460"
"3256","7","18873"
"3257","7","18958"
"3258","5","18726"
"3259","5","18861"
"3260","741","18192"
"3262","741","18809"
"3263","6","17993"
"3264","7","17993"
"3265","7","18940"
"3266","7","19022"
"3267","7","18790"
"3268","741","18706"
"3270","109","18611"
"3271","5","18036"
"3272","5","19461"
"3273","5","19041"
"3274","5","19462"
"3275","5","19463"
"3276","5","18864"
"3277","5","19109"
"3278","5","19026"
"3281","743","19043"
"3282","743","19044"
"3284","7","18886"
"3285","7","18949"
"3286","109","18763"
"3287","813","10051"
"3288","813","18623"
"3289","1422","11478"
"3290","109","7004"
"3291","109","6427"
"3292","109","7980"
"3293","109","6813"
"3294","109","4486"
"3296","2","19478"
"3297","2","18890"
"3298","2","18934"
"3299","2","18889"
"3300","7","10441"
"3301","690","19479"
"3303","897","19480"
"3305","5","19481"
"3306","5","19484"
"3307","7","19486"
"3308","7","18780"
"3309","7","18906"
"3310","7","19487"
"3315","7","19489"
"3316","813","11773"
"3317","2","19490"
"3318","813","19491"
"3319","2","8444"
"3320","2","16635"
"3321","690","19492"
"3323","690","19494"
"3324","690","19493"
"3325","690","19495"
"3326","690","19496"
"3327","690","19497"
"3328","690","19498"
"3330","690","19499"
"3331","690","19500"
"3333","109","15863"
"3334","109","19501"
"3336","109","19503"
"3337","813","7480"
"3338","813","17712"
"3339","813","15219"
"3340","813","8267"
"3342","813","11252"
"3343","813","6463"
"3344","813","6903"
"3345","813","7653"
"3346","813","7570"
"3347","2","19504"
"3348","5","8507"
"3349","5","7190"
"3350","5","12237"
"3351","5","7133"
"3352","5","7086"
"3353","5","6552"
"3354","5","7008"
"3355","5","6527"
"3356","5","6727"
"3357","5","15189"
"3358","5","1776"
"3359","5","19506"
"3360","5","6010"
"3361","5","19507"
"3362","5","4409"
"3363","5","14832"
"3365","2","7175"
"3366","2","11848"
"3367","2","12733"
"3369","2","8868"
"3370","2","9223"
"3372","2","2682"
"3373","2","12608"
"3374","2","11688"
"3375","2","8869"
"3376","2","9261"
"3377","5","4316"
"3378","109","6400"
"3379","109","7106"
"3380","109","6380"
"3381","109","13010"
"3382","2","7624"
"3383","109","14028"
"3384","1552","6608"
"3385","743","11218"
"3386","743","6025"
"3387","743","10327"
"3388","2","15314"
"3389","109","2488"
"3390","109","2499"
"3391","109","10759"
"3392","109","5831"
"3394","2","7379"
"3396","2","7208"
"3397","2","8353"
"3398","2","7532"
"3399","2","6600"
"3400","2","6970"
"3401","2","12100"
"3402","1553","2657"
"3403","856","10347"
"3404","109","10854"
"3405","109","10861"
"3406","109","10864"
"3408","109","10867"
"3411","109","19511"
"3412","109","19512"
"3414","109","19513"
"3415","109","19514"
"3416","2","7260"
"3417","2","8057"
"3418","109","16761"
"3419","109","16762"
"3420","109","16765"
"3421","5","2195"
"3422","2","14227"
"3423","5","7579"
"3424","2","14979"
"3425","2","14974"
"3426","2","14982"
"3427","2","14970"
"3428","2","14969"
"3429","2","14978"
"3430","2","14980"
"3431","2","14976"
"3432","2","14977"
"3433","2","14973"
"3434","2","19519"
"3435","2","14972"
"3436","2","14975"
"3437","2","19520"
"3438","2","14981"
"3439","2","14971"
"3440","896","2494"
"3441","896","17879"
"3442","109","6326"
"3443","2","9652"
"3444","109","1710"
"3445","109","7421"
"3446","109","7099"
"3447","896","7497"
"3448","743","5539"
"3449","896","18983"
"3450","820","8104"
"3451","820","8101"
"3452","820","6452"
"3453","820","7343"
"3454","820","6314"
"3455","820","7046"
"3456","820","6375"
"3457","109","16918"
"3459","109","16919"
"3460","109","13208"
"3461","109","16920"
"3462","109","16921"
"3463","109","7716"
"3464","5","1795"
"3465","5","10173"
"3466","2","19522"
"3467","109","9112"
"3468","109","19523"
"3469","2","19524"
"3470","7","19525"
"3471","7","19526"
"3472","7","19527"
"3473","2","19528"
"3474","5","19529"
"3475","690","19530"
"3476","7","19531"
"3477","690","19532"
"3478","7","19533"
"3479","5","19534"
"3480","5","19535"
"3481","7","19536"
"3483","287","15116"
"3484","287","1188"
"3485","287","15080"
"3486","2","15008"
"3487","109","16017"
"3488","782","6983"
"3489","782","7234"
"3490","782","7019"
"3491","743","11107"
"3492","743","11108"
"3493","743","11141"
"3494","743","12440"
"3495","743","5522"
"3496","743","12441"
"3497","743","11444"
"3498","743","19538"
"3504","1554","10113"
"3505","1554","10112"
"3506","1554","19539"
"3507","1554","10115"
"3508","1554","10114"
"3510","109","12669"
"3511","5","54"
"3512","109","7764"
"3513","109","17028"
"3515","109","17024"
"3516","5","7319"
"3517","109","6914"
"3518","109","7583"
"3519","813","7778"
"3520","813","6962"
"3521","813","6295"
"3522","109","6743"
"3523","109","7631"
"3524","109","6809"
"3525","109","6661"
"3526","1555","9299"
"3527","109","9279"
"3528","109","7934"
"3529","109","9302"
"3530","109","13353"
"3531","109","19540"
"3532","109","9306"
"3533","109","19541"
"3534","109","19542"
"3535","1556","8702"
"3536","2","8269"
"3537","2","7901"
"3538","2","6799"
"3539","5","6733"
"3540","2","7755"
"3541","849","2635"
"3542","2","14918"
"3543","2","1861"
"3544","2","17219"
"3545","109","8512"
"3547","2","17209"
"3549","2","2319"
"3550","2","12857"
"3551","109","6985"
"3552","109","6174"
"3553","109","7471"
"3554","109","7136"
"3555","109","7609"
"3556","109","13685"
"3557","109","3948"
"3558","109","15223"
"3559","5","13335"
"3560","5","13350"
"3561","5","13351"
"3562","826","3763"
"3563","5","13358"
"3564","5","13370"
"3565","813","7962"
"3566","743","17976"
"3567","109","16145"
"3568","1546","5142"
"3570","5","6411"
"3571","1557","14821"
"3572","109","8015"
"3575","2","10976"
"3576","2","9519"
"3577","2","9520"
"3578","2","2826"
"3579","2","11793"
"3580","109","18564"
"3581","1184","11555"
"3582","1184","11589"
"3583","1184","11593"
"3584","1184","11611"
"3585","1184","11603"
"3586","1184","11574"
"3587","1184","11594"
"3588","1184","11572"
"3590","1184","11563"
"3591","1184","11587"
"3592","1184","11577"
"3593","1184","11586"
"3594","743","18848"
"3595","743","19"
"3596","743","17813"
"3597","7","17814"
"3598","743","17437"
"3599","743","19543"
"3600","500","18022"
"3601","1184","11599"
"3602","1184","11592"
"3603","1184","11561"
"3604","1184","11608"
"3605","1184","11597"
"3606","1184","11602"
"3607","1184","11576"
"3608","1184","11578"
"3609","1184","11605"
"3610","5","18017"
"3611","5","18016"
"3612","5","19544"
"3613","2","17998"
"3614","1540","17986"
"3615","743","17983"
"3617","813","17981"
"3619","813","17982"
"3620","1184","11568"
"3621","1184","11557"
"3622","1184","11564"
"3623","1184","11556"
"3624","1184","11570"
"3625","1184","11598"
"3627","1184","11582"
"3628","1184","11643"
"3629","1184","11642"
"3630","2","17980"
"3631","743","17979"
"3632","743","17978"
"3633","743","19546"
"3634","5","17945"
"3635","1184","11776"
"3636","1184","11772"
"3637","1184","11774"
"3638","1184","11868"
"3639","1184","11870"
"3641","1184","13761"
"3642","1184","12348"
"3643","1184","12346"
"3644","1184","12345"
"3645","1184","12350"
"3646","1184","12342"
"3647","1184","12351"
"3648","1184","13762"
"3649","1184","13764"
"3650","1184","13765"
"3651","1184","13769"
"3653","1184","13770"
"3654","5","6612"
"3655","2","6357"
"3656","2","7940"
"3657","2","16648"
"3658","2","8083"
"3659","2","7320"
"3660","2","16650"
"3661","2","16649"
"3662","109","18562"
"3663","109","17816"
"3664","2","17815"
"3665","109","17817"
"3667","5","3923"
"3668","5","7097"
"3669","5","6912"
"3670","5","9661"
"3672","2","2925"
"3674","2","8664"
"3676","2","9958"
"3678","109","6913"
"3679","2","18028"
"3680","2","2093"
"3681","2","2323"
"3683","2","2468"
"3684","5","19547"
"3685","5","19548"
"3686","5","19549"
"3687","5","19550"
"3688","5","19551"
"3689","5","19552"
"3690","5","19553"
"3691","5","19554"
"3692","5","19555"
"3693","5","6864"
"3694","109","16114"
"3695","5","18609"
"3696","5","18608"
"3697","5","18712"
"3698","827","18606"
"3699","827","18607"
"3700","827","18605"
"3701","827","18603"
"3702","827","18604"
"3703","690","18574"
"3704","5","18573"
"3705","752","18569"
"3706","1083","18565"
"3709","747","18561"
"3710","2","19556"
"3711","2","1549"
"3712","2","1550"
"3713","2","19557"
"3714","2","18553"
"3715","5","18042"
"3716","5","18755"
"3717","5","19142"
"3718","109","12808"
"3719","109","7956"
"3720","5","18841"
"3721","7","18825"
"3722","899","18823"
"3723","2","8324"
"3724","743","18822"
"3727","1074","7656"
"3728","1074","6856"
"3729","1074","6934"
"3731","1074","8088"
"3732","1074","6820"
"3733","1074","13595"
"3734","1074","8912"
"3735","7","18817"
"3736","1568","3341"
"3737","5","7293"
"3738","2","3846"
"3739","2","9272"
"3741","911","18843"
"3742","5","18807"
"3743","5","18624"
"3744","5","18774"
"3745","5","18912"
"3746","7","18772"
"3747","849","18769"
"3748","849","18967"
"3749","5","18764"
"3750","5","18880"
"3751","741","18732"
"3752","856","18708"
"3753","856","18937"
"3754","2","18698"
"3755","2","18703"
"3756","2","18704"
"3757","2","18705"
"3758","2","19558"
"3759","109","18677"
"3760","109","19559"
"3761","109","18648"
"3762","5","18646"
"3763","838","18627"
"3764","837","18628"
"3766","838","18630"
"3767","837","18629"
"3768","838","18631"
"3769","837","18626"
"3770","828","18613"
"3771","109","18612"
"3772","820","18984"
"3773","109","18977"
"3774","969","18972"
"3775","2","18971"
"3776","7","18957"
"3777","5","18885"
"3778","5","18896"
"3780","5","18953"
"3781","5","19031"
"3782","741","18951"
"3783","856","18950"
"3784","109","18922"
"3785","743","19560"
"3787","109","19561"
"3788","935","18897"
"3789","7","18879"
"3790","896","18875"
"3792","916","19156"
"3793","916","18872"
"3794","7","18867"
"3795","5","18849"
"3796","5","19562"
"3797","5","19564"
"3798","837","18847"
"3799","813","19101"
"3800","813","19565"
"3801","743","19098"
"3802","1105","19075"
"3803","897","19064"
"3804","2","19063"
"3805","7","19058"
"3806","896","19057"
"3807","782","19054"
"3808","1075","19042"
"3809","896","19033"
"3810","741","19017"
"3811","689","19010"
"3812","5","9111"
"3813","743","19567"
"3815","109","7506"
"3816","109","3377"
"3817","1092","15703"
"3818","813","11001"
"3819","287","1230"
"3820","109","7610"
"3821","109","8414"
"3822","109","6247"
"3823","109","7993"
"3824","109","11689"
"3825","5","18248"
"3826","5","18610"
"3827","2","18989"
"3828","2","6435"
"3829","2","8075"
"3830","2","7404"
"3831","2","7063"
"3832","2","6445"
"3833","2","7279"
"3834","2","7061"
"3835","2","7785"
"3836","689","18926"
"3837","1349","5232"
"3838","109","9654"
"3841","2","6033"
"3842","2","6128"
"3843","2","11153"
"3844","1617","10364"
"3845","109","6965"
"3846","2","15834"
"3847","1618","5656"
"3848","916","12975"
"3850","5","17564"
"3851","743","19568"
"3852","414","4508"
"3853","5","19537"
"3854","690","18655"
"3855","109","5640"
"3856","743","18789"
"3860","1406","18537"
"3861","743","13035"
"3862","2","11628"
"3863","1083","6737"
"3865","2","19570"
"3866","2","5661"
"3867","109","788"
"3868","5","19571"
"3870","918","19572"
"3871","813","19573"
"3872","813","19574"
"3873","813","19575"
"3874","1622","19576"
"3875","837","19577"
"3877","2","5654"
"3878","7","17968"
"3879","743","17410"
"3880","109","6372"
"3881","2","19578"
"3882","2","19579"
"3884","287","10099"
"3886","109","1872"
"3887","2","8329"
"3888","2","7697"
"3889","2","8194"
"3890","2","7261"
"3891","2","8474"
"3892","2","8330"
"3893","2","7297"
"3894","2","6517"
"3895","2","7650"
"3896","2","16411"
"3897","2","14795"
"3898","109","742"
"3899","2","4098"
"3900","5","12792"
"3904","2","10652"
"3905","109","19582"
"3906","109","18575"
"3907","2","5374"
"3908","5","19583"
"3910","5","19584"
"3911","690","19585"
"3912","7","19586"
"3913","827","19587"
"3914","856","19588"
"3915","5","19589"
"3916","7","19590"
"3917","7","19591"
"3918","7","19592"
"3919","959","9425"
"3920","109","912"
"3921","109","19593"
"3923","109","19594"
"3924","1635","5077"
"3925","1636","2235"
"3926","959","15802"
"3927","109","17140"
"3928","109","19595"
"3929","1637","19596"
"3930","741","19597"
"3932","5","19598"
"3933","7","19599"
"3934","5","19600"
"3937","5","19601"
"3938","5","19602"
"3939","856","19603"
"3940","856","19604"
"3942","7","19605"
"3943","7","18962"
"3944","7","19606"
"3945","7","19607"
"3946","7","19608"
"3947","7","18939"
"3948","7","19609"
"3949","7","19610"
"3950","5","19611"
"3951","5","19162"
"3952","5","19168"
"3953","5","19141"
"3954","5","18782"
"3955","5","19155"
"3957","5","19612"
"3958","5","19613"
"3959","5","19614"
"3960","7","19615"
"3961","5","19616"
"3962","5","19617"
"3963","7","19618"
"3964","741","19619"
"3965","741","18808"
"3966","741","18671"
"3967","897","19620"
"3968","897","18917"
"3969","5","19621"
"3970","5","19152"
"3971","5","19622"
"3972","5","19623"
"3973","5","19624"
"3975","690","18999"
"3976","690","19625"
"3977","916","19059"
"3978","916","19626"
"3979","7","19627"
"3980","7","19094"
"3981","7","18748"
"3982","7","19628"
"3983","5","19629"
"3984","5","19630"
"3985","5","19631"
"3986","741","18831"
"3987","741","19632"
"3988","741","19633"
"3989","741","18815"
"3990","5","19634"
"3991","896","19635"
"3993","5","19637"
"3994","5","19638"
"3995","5","19639"
"3996","5","19640"
"3997","7","19641"
"3998","5","19488"
"4000","5","19642"
"4001","741","19643"
"4002","7","19644"
"4003","741","19645"
"4004","741","19646"
"4005","829","19647"
"4006","741","19648"
"4007","7","18711"
"4008","7","18771"
"4009","7","18903"
"4010","7","18941"
"4011","7","19131"
"4012","7","19649"
"4013","896","19650"
"4014","896","19651"
"4015","7","19652"
"4016","7","19653"
"4017","7","19138"
"4018","7","19654"
"4019","7","19655"
"4020","7","18762"
"4021","7","19037"
"4022","5","19656"
"4023","5","19657"
"4024","896","19658"
"4025","896","19659"
"4026","896","18978"
"4027","7","19660"
"4028","5","19661"
"4029","849","19662"
"4030","5","19663"
"4031","5","19190"
"4032","109","19664"
"4033","741","19665"
"4035","5","19667"
"4036","690","19668"
"4037","5","19669"
"4038","7","19670"
"4039","741","19671"
"4040","897","19672"
"4041","7","19673"
"4042","7","19674"
"4043","7","19675"
"4044","7","18768"
"4045","1649","19676"
"4046","7","19677"
"4047","2","19678"
"4048","5","19679"
"4049","690","19680"
"4050","958","19681"
"4053","2","18980"
"4054","5","19682"
"4055","5","19683"
"4056","5","19684"
"4057","7","19685"
"4058","5","19686"
"4059","690","19687"
"4060","690","18253"
"4061","5","19688"
"4062","5","19689"
"4063","916","19690"
"4064","5","19691"
"4065","897","19692"
"4066","7","19693"
"4067","897","19694"
"4068","5","19695"
"4069","5","19154"
"4070","5","19199"
"4071","5","19696"
"4072","5","19697"
"4074","5","19698"
"4075","5","19699"
"4076","916","19700"
"4077","5","19701"
"4078","109","19702"
"4079","1193","19703"
"4080","1193","19704"
"4081","1193","19705"
"4082","897","19706"
"4083","5","19707"
"4084","5","19708"
"4088","5","19709"
"4089","5","19710"
"4090","5","19711"
"4091","5","19712"
"4092","5","19636"
"4093","5","19713"
"4094","896","19714"
"4095","896","19719"
"4096","896","19716"
"4097","109","6938"
"4098","5","6984"
"4099","5","7057"
"4100","5","8372"
"4101","896","19720"
"4102","109","19718"
"4103","109","19717"
"4104","5","19722"
"4106","109","5638"
"4108","690","19723"
"4109","5","19724"
"4110","690","19725"
"4111","5","19726"
"4113","896","19727"
"4117","690","19728"
"4118","690","19014"
"4119","7","19729"
"4120","7","19730"
"4121","7","19148"
"4122","7","19731"
"4123","7","19732"
"4124","7","19666"
"4125","896","19733"
"4126","109","7296"
"4127","109","8645"
"4128","109","10603"
"4130","109","9389"
"4131","2","8662"
"4132","109","18595"
"4133","5","7964"
"4134","2","7523"
"4135","109","7056"
"4136","5","18985"
"4137","2","6157"
"4138","5","1632"
"4139","5","18818"
"4140","5","18839"
"4141","5","18539"
"4142","5","2046"
"4143","1539","17277"
"4144","109","4544"
"4145","109","6486"
"4146","2","17395"
"4147","5","5266"
"4148","2","7092"
"4149","813","780"
"4150","2","7072"
"4151","2","901"
"4152","109","7108"
"4153","109","6253"
"4154","109","7280"
"4155","109","6249"
"4156","109","7628"
"4157","109","1468"
"4158","109","7272"
"4159","109","6968"
"4160","109","6950"
"4161","109","7327"
"4162","109","7663"
"4163","109","2149"
"4164","109","14174"
"4165","2","6450"
"4166","829","18184"
"4167","2","17774"
"4168","813","15995"
"4169","2","8495"
"4170","287","12050"
"4171","813","7393"
"4172","820","6947"
"4173","109","11854"
"4174","2","10041"
"4175","1555","11280"
"4176","109","4877"
"4177","731","10072"
"4178","5","16107"
"4179","109","193"
"4180","813","19735"
"4181","743","19736"
"4182","743","19721"
"4183","109","7525"
"4184","2","9703"
"4185","813","403"
"4186","109","18734"
"4187","5","7006"
"4188","829","18619"
"4189","2","13625"
"4190","5","8485"
"4191","5","545"
"4192","820","5351"
"4194","2","18019"
"4195","287","9940"
"4196","109","18583"
"4197","2","15406"
"4198","813","2463"
"4199","813","7391"
"4200","109","598"
"4201","2","722"
"4202","109","267"
"4203","5","3573"
"4204","109","7952"
"4205","2","4163"
"4206","2","7967"
"4207","2","6402"
"4208","109","8866"
"4209","109","18850"
"4210","1553","15913"
"4211","109","15127"
"4212","5","16112"
"4213","2","6639"
"4214","109","10260"
"4215","2","1313"
"4216","813","8961"
"4217","287","4639"
"4218","2","4225"
"4219","2","16834"
"4221","5","8728"
"4223","2","13789"
"4225","1406","18591"
"4226","2","10137"
"4227","5","18928"
"4228","2","3535"
"4229","1685","17118"
"4230","109","4667"
"4231","109","10599"
"4232","109","13050"
"4233","2","17005"
"4234","7","18979"
"4235","7","373"
"4236","7","575"
"4237","7","2566"
"4238","7","4489"
"4239","7","10450"
"4240","7","12055"
"4241","820","1339"
"4242","109","1081"
"4243","813","3331"
"4244","813","1690"
"4245","813","2116"
"4246","813","2786"
"4248","2","4448"
"4249","1686","10356"
"4251","743","15444"
"4252","896","18222"
"4253","109","12914"
"4254","109","236"
"4255","813","18407"
"4256","2","19737"
"4257","896","10701"
"4258","109","9617"
"4259","109","5194"
"4260","743","18876"
"4261","109","10252"
"4262","109","6787"
"4263","2","19738"
"4264","2","18721"
"4265","5","18727"
"4266","2","627"
"4267","926","6050"
"4268","2","8611"
"4269","109","11654"
"4270","899","15005"
"4271","820","16417"
"4272","109","7500"
"4273","109","11596"
"4274","109","189"
"4276","109","1158"
"4277","109","10009"
"4278","109","8766"
"4279","109","15071"
"4280","109","1087"
"4281","109","1085"
"4282","109","1086"
"4283","2","19739"
"4284","1701","19740"
"4286","743","17333"
"4287","743","19741"
"4289","2","10395"
"4290","782","8202"
"4291","109","198"
"4292","287","19006"
"4293","109","4684"
"4294","109","12263"
"4295","926","14472"
"4297","109","19742"
"4298","896","19743"
"4299","926","15577"
"4300","109","6257"
"4302","109","5428"
"4303","926","8315"
"4304","2","7605"
"4305","2","7871"
"4306","2","6332"
"4307","2","7886"
"4308","2","6548"
"4311","2","6323"
"4312","926","8440"
"4313","926","6436"
"4314","926","6220"
"4315","926","7037"
"4316","926","7779"
"4317","926","8498"
"4318","926","7521"
"4319","2","9716"
"4320","1715","4063"
"4321","5","18660"
"4322","896","19744"
"4323","287","19745"
"4324","109","18920"
"4325","813","696"
"4326","109","13132"
"4327","109","14594"
"4328","2","7719"
"4329","2","1075"
"4330","1555","3892"
"4331","817","19034"
"4332","1356","18485"
"4333","287","18203"
"4336","287","18125"
"4339","287","18131"
"4341","287","18132"
"4342","287","18120"
"4344","287","18135"
"4346","287","18136"
"4347","856","19016"
"4348","5","546"
"4349","109","16556"
"4350","109","16634"
"4351","5","19746"
"4352","690","6075"
"4353","820","2612"
"4354","109","6318"
"4355","109","1662"
"4356","816","18594"
"4357","287","1012"
"4358","109","13919"
"4359","5","8014"
"4360","2","3699"
"4361","109","8898"
"4362","1555","11977"
"4363","5","10039"
"4364","109","6353"
"4365","2","10288"
"4366","2","6684"
"4367","2","10790"
"4368","782","8159"
"4369","5","2558"
"4370","820","532"
"4371","109","13187"
"4372","926","4901"
"4373","109","17776"
"4374","109","7840"
"4375","813","2941"
"4376","2","10144"
"4377","2","16262"
"4378","896","18946"
"4379","109","13538"
"4380","813","16366"
"4381","2","11068"
"4382","109","16361"
"4384","109","19502"
"4385","899","10668"
"4386","730","741"
"4387","2","6267"
"4388","109","8266"
"4389","109","2359"
"4390","1020","9625"
"4391","109","6420"
"4392","5","6731"
"4393","2","11394"
"4394","5","6429"
"4395","813","641"
"4396","109","13359"
"4397","109","9248"
"4398","820","12748"
"4399","109","4547"
"4400","2","6660"
"4401","5","18728"
"4402","5","7606"
"4403","109","18616"
"4404","5","15931"
"4405","730","5553"
"4406","2","6325"
"4407","109","12338"
"4408","813","7633"
"4409","2","3806"
"4410","109","12448"
"4412","109","7948"
"4413","2","7835"
"4414","813","17818"
"4415","5","17026"
"4416","896","19028"
"4417","2","7524"
"4418","2","2258"
"4421","109","1698"
"4422","109","5319"
"4423","2","2954"
"4424","2","18923"
"4425","109","8170"
"4426","813","11486"
"4427","287","11565"
"4428","5","12836"
"4429","5","447"
"4430","109","7893"
"4431","109","10023"
"4432","5","2075"
"4433","743","5973"
"4434","109","1655"
"4435","109","2029"
"4436","109","2030"
"4437","109","2031"
"4438","2","5935"
"4439","109","14653"
"4440","5","1718"
"4441","2","4481"
"4442","5","4739"
"4443","782","1007"
"4444","109","15757"
"4445","973","5463"
"4446","973","6534"
"4447","2","17363"
"4448","690","2961"
"4449","689","10484"
"4450","2","4589"
"4451","2","7943"
"4452","813","7510"
"4453","109","1761"
"4454","2","7285"
"4455","109","16165"
"4456","109","6531"
"4457","782","17003"
"4459","899","14367"
"4460","109","7170"
"4462","109","7079"
"4463","109","14886"
"4464","813","17957"
"4465","1546","17773"
"4466","109","1348"
"4467","109","1347"
"4468","2","4435"
"4469","2","1064"
"4471","2","6460"
"4472","2","7990"
"4473","5","11552"
"4474","5","10393"
"4475","5","10706"
"4476","109","11494"
"4477","5","10436"
"4478","5","10235"
"4479","5","11595"
"4480","5","11683"
"4482","5","6767"
"4484","5","9739"
"4485","5","10589"
"4486","109","3817"
"4487","2","13746"
"4488","2","15832"
"4489","2","15338"
"4490","1020","8079"
"4491","109","7703"
"4492","109","17417"
"4493","1546","5415"
"4494","2","7725"
"4495","109","6889"
"4496","1349","1185"
"4497","109","1875"
"4498","109","344"
"4499","287","4299"
"4500","1636","15996"
"4501","2","1287"
"4502","109","1685"
"4503","109","4051"
"4504","896","1229"
"4505","5","12771"
"4506","2","1805"
"4507","974","760"
"4508","109","9564"
"4509","690","10640"
"4510","690","11097"
"4511","2","8778"
"4512","2","4211"
"4513","109","8339"
"4514","1515","15969"
"4515","2","4632"
"4516","2","2024"
"4517","2","10700"
"4518","248","4845"
"4519","109","11700"
"4520","109","3059"
"4521","1020","4795"
"4522","109","15823"
"4523","109","2439"
"4524","109","9505"
"4525","109","15916"
"4526","109","11203"
"4527","261","5137"
"4528","109","12602"
"4529","277","13539"
"4530","1348","14827"
"4531","109","9658"
"4532","2","13114"
"4533","2","10636"
"4534","2","17819"
"4535","109","6805"
"4536","813","8631"
"4537","2","14018"
"4538","296","11810"
"4539","109","16204"
"4540","2","9385"
"4541","5","4058"
"4542","896","15882"
"4543","2","8163"
"4544","2","6535"
"4545","436","15885"
"4546","743","15885"
"4547","2","15900"
"4548","743","16310"
"4549","109","16523"
"4550","2","5769"
"4551","5","12042"
"4552","959","76"
"4553","109","14002"
"4554","2","11619"
"4555","109","16086"
"4556","109","16608"
"4557","5","7112"
"4558","5","8123"
"4559","109","6792"
"4560","5","11439"
"4561","109","3148"
"4562","2","1318"
"4563","5","16809"
"4564","536","5338"
"4565","2","16951"
"4566","817","17657"
"4567","846","17846"
"4568","5","11695"
"4569","109","6576"
"4570","109","7666"
"4571","502","16231"
"4572","5","9841"
"4573","1074","16912"
"4574","2","7410"
"4575","109","3599"
"4576","436","4391"
"4577","109","18119"
"4578","109","3602"
"4579","109","11406"
"4580","109","180"
"4581","5","14419"
"4582","109","12769"
"4583","109","15277"
"4584","813","4993"
"4585","2","6761"
"4586","287","4465"
"4587","287","4903"
"4588","287","5798"
"4589","287","860"
"4590","287","5819"
"4591","287","5715"
"4592","287","11725"
"4593","287","9366"
"4594","287","9057"
"4595","287","10946"
"4596","287","6461"
"4597","287","12449"
"4598","287","6795"
"4599","287","12444"
"4600","287","5252"
"4601","287","141"
"4602","287","142"
"4603","287","805"
"4604","287","4173"
"4605","287","8224"
"4606","287","7647"
"4607","287","8983"
"4608","287","6498"
"4609","287","12457"
"4610","287","16444"
"4611","287","470"
"4612","287","4621"
"4613","287","4469"
"4614","287","9859"
"4615","287","2091"
"4616","287","3063"
"4617","287","17220"
"4618","287","6334"
"4619","109","18197"
"4620","109","18198"
"4621","109","15027"
"4622","109","18238"
"4623","109","18306"
"4624","109","18350"
"4625","109","18351"
"4626","287","6776"
"4627","287","17179"
"4628","287","6514"
"4629","287","1225"
"4630","5","15977"
"4631","5","612"
"4632","2","1234"
"4633","109","9584"
"4634","2","3044"
"4635","109","6207"
"4636","109","15073"
"4637","109","15074"
"4638","109","10153"
"4639","5","15386"
"4640","2","17820"
"4641","820","9607"
"4642","287","9230"
"4643","503","17366"
"4644","109","11148"
"4645","973","10250"
"4647","813","26"
"4648","2","13550"
"4649","2","17631"
"4650","2","6238"
"4651","2","6516"
"4652","2","14352"
"4653","2","6058"
"4654","2","1363"
"4655","5","2989"
"4656","2","3322"
"4657","109","12916"
"4658","2","5751"
"4659","2","18349"
"4660","2","2301"
"4661","2","8658"
"4662","813","2613"
"4663","2","1572"
"4664","2","14706"
"4665","516","18354"
"4666","846","18362"
"4667","2","5410"
"4668","109","17548"
"4669","436","10"
"4670","109","12950"
"4671","689","3539"
"4672","109","162"
"4673","109","7517"
"4674","109","3326"
"4675","1556","6607"
"4676","579","12398"
"4677","2","12638"
"4678","959","1324"
"4679","109","9726"
"4680","5","16241"
"4681","2","13648"
"4682","896","508"
"4683","743","16572"
"4684","5","16273"
"4685","5","16940"
"4686","5","18366"
"4687","2","18381"
"4688","109","10431"
"4689","2","1041"
"4690","109","10335"
"4691","109","14451"
"4692","2","19196"
"4693","2","3118"
"4694","2","10170"
"4695","2","10197"
"4696","2","10205"
"4697","2","10330"
"4698","2","10400"
"4699","2","10401"
"4700","2","10458"
"4701","2","10468"
"4702","2","10471"
"4703","2","10521"
"4704","2","10535"
"4705","109","10338"
"4706","973","10181"
"4707","731","10258"
"4708","1348","10148"
"4709","5","4227"
"4710","109","1609"
"4711","5","5993"
"4712","2","10351"
"4713","2","10734"
"4714","883","10663"
"4715","109","10779"
"4716","896","18382"
"4717","5","18385"
"4718","5","18416"
"4719","5","18437"
"4720","5","8617"
"4721","109","12239"
"4722","2","2132"
"4723","109","8949"
"4724","109","13149"
"4725","846","816"
"4726","436","16079"
"4727","287","4721"
"4728","1698","2257"
"4729","743","17988"
"4730","109","1011"
"4731","109","11838"
"4732","109","11176"
"4733","5","11050"
"4734","1157","10278"
"4735","109","12307"
"4736","109","14392"
"4737","2","7661"
"4738","1756","2871"
"4739","109","889"
"4740","743","890"
"4741","5","1256"
"4742","2","1372"
"4743","5","2748"
"4744","109","4446"
"4745","5","4551"
"4746","690","5829"
"4747","5","5866"
"4748","5","5952"
"4749","5","5963"
"4750","1765","10915"
"4751","2","16955"
"4752","109","5975"
"4753","7","5983"
"4754","896","5999"
"4755","109","6005"
"4756","5","8890"
"4757","690","8958"
"4758","7","9085"
"4759","5","9139"
"4760","690","9264"
"4761","690","9706"
"4762","690","9851"
"4763","690","9890"
"4764","690","10911"
"4765","5","10983"
"4766","5","6843"
"4767","5","7758"
"4768","5","8292"
"4769","5","13843"
"4770","896","11015"
"4771","817","11112"
"4772","109","15649"
"4773","5","11184"
"4774","5","11221"
"4775","5","11693"
"4776","690","11899"
"4777","743","11947"
"4778","1771","3525"
"4779","5","16644"
"4780","935","17121"
"4781","2","18403"
"4782","109","2688"
"4783","896","18422"
"4784","896","18423"
"4785","5","18424"
"4786","7","18425"
"4787","690","18426"
"4788","5","18427"
"4789","899","18428"
"4790","959","11245"
"4791","2","12843"
"4792","109","7135"
"4793","813","6774"
"4794","2","5543"
"4795","2","1551"
"4796","1540","4905"
"4797","287","13065"
"4798","2","12295"
"4799","2","33"
"4800","5","5416"
"4801","2","566"
"4802","109","9883"
"4803","2","10199"
"4804","109","14238"
"4805","725","10079"
"4806","2","17463"
"4807","2","1838"
"4808","2","1839"
"4809","2","8466"
"4810","813","2714"
"4811","109","11862"
"4812","109","3207"
"4813","109","6455"
"4814","813","2872"
"4815","109","17423"
"4816","109","2"
"4817","109","564"
"4818","782","8150"
"4819","2","5286"
"4820","436","14291"
"4821","2","9069"
"4822","5","351"
"4823","109","8781"
"4824","2","10781"
"4825","813","7503"
"4826","261","154"
"4827","2","3186"
"4828","743","5696"
"4829","725","1237"
"4830","2","17083"
"4831","813","1004"
"4832","813","3010"
"4833","926","8638"
"4834","5","6922"
"4835","109","17270"
"4836","2","15701"
"4837","2","520"
"4838","2","17670"
"4839","973","15175"
"4840","109","10714"
"4841","2","543"
"4842","109","12494"
"4843","2","9950"
"4844","2","13209"
"4845","1539","3335"
"4846","109","7841"
"4847","820","2416"
"4848","2","7738"
"4849","1540","1734"
"4850","109","7390"
"4851","109","27"
"4852","813","6995"
"4853","5","17110"
"4854","974","39"
"4855","813","994"
"4856","813","14005"
"4857","813","2770"
"4858","899","1055"
"4859","109","2962"
"4860","2","14835"
"4861","109","17426"
"4862","896","18429"
"4863","109","18430"
"4864","896","18431"
"4865","690","18441"
"4866","5","18444"
"4867","5","18448"
"4868","2","533"
"4869","2","730"
"4870","2","1187"
"4871","693","5738"
"4872","2","7078"
"4873","2","9250"
"4874","2","2492"
"4875","2","6907"
"4876","2","10245"
"4877","2","7594"
"4878","2","2849"
"4879","2","13634"
"4880","2","8236"
"4881","2","3147"
"4882","2","11235"
"4883","2","6352"
"4884","2","6806"
"4885","2","5739"
"4886","2","8073"
"4887","693","9719"
"4888","2","10361"
"4889","2","8002"
"4890","2","1410"
"4891","2","8438"
"4892","2","7073"
"4893","2","8276"
"4894","2","10538"
"4895","2","7305"
"4896","2","10556"
"4897","2","11653"
"4898","2","8280"
"4899","2","7702"
"4900","2","7843"
"4901","2","7268"
"4902","2","16160"
"4903","2","15464"
"4904","2","7215"
"4905","2","6678"
"4906","2","6910"
"4907","690","1889"
"4908","109","7714"
"4909","109","7250"
"4910","5","8198"
"4911","690","9243"
"4912","2","11836"
"4913","1848","7911"
"4914","109","10662"
"4915","5","5610"
"4916","109","12215"
"4917","2","717"
"4918","2","12040"
"4919","2","2497"
"4920","2","6550"
"4921","2","7351"
"4922","2","8368"
"4923","926","10830"
"4924","109","6290"
"4925","5","1799"
"4926","109","13581"
"4927","109","4162"
"4928","287","2578"
"4929","1074","374"
"4930","2","7222"
"4931","813","751"
"4932","2","9849"
"4933","1074","7075"
"4934","734","400"
"4935","5","10251"
"4936","109","11055"
"4937","109","7730"
"4938","2","14207"
"4939","2","7360"
"4940","2","1836"
"4941","5","7035"
"4942","436","13939"
"4943","109","15481"
"4944","734","18408"
"4945","955","18305"
"4946","2","18304"
"4947","2","18317"
"4948","109","18356"
"4949","2","12323"
"4950","731","2949"
"4951","109","16292"
"4952","743","14666"
"4953","743","2732"
"4954","5","1648"
"4955","109","13098"
"4956","5","17079"
"4957","109","16605"
"4958","1539","1104"
"4959","813","10060"
"4960","5","296"
"4961","5","323"
"4962","690","540"
"4963","5","665"
"4964","5","1243"
"4965","5","1253"
"4966","2","2733"
"4967","7","2734"
"4968","2","12938"
"4969","2","685"
"4970","2","14461"
"4971","2","1304"
"4972","820","2244"
"4973","109","6588"
"4974","2","7979"
"4975","109","6068"
"4976","926","14931"
"4977","2","6699"
"4978","2","16278"
"4979","5","7652"
"4980","109","12003"
"4981","2","6520"
"4982","287","11441"
"4983","5","16638"
"4984","5","309"
"4985","743","953"
"4986","743","1117"
"4987","109","2185"
"4988","109","11551"
"4989","2","2735"
"4990","743","2894"
"4991","6","2929"
"4993","109","3061"
"4994","109","7281"
"4995","109","7230"
"4996","109","8456"
"4997","109","6949"
"4998","109","7020"
"4999","109","3126"
"5000","2","17683"
"5001","813","6599"
"5002","2","8040"
"5003","2","13932"
"5004","820","3104"
"5005","835","17675"
"5006","2","6638"
"5007","2","686"
"5008","2","6989"
"5009","2","16197"
"5010","5","592"
"5011","5","3978"
"5012","5","5002"
"5013","5","5057"
"5014","109","1625"
"5015","959","11093"
"5016","959","11095"
"5017","959","15028"
"5018","959","4916"
"5019","959","8835"
"5020","7","6590"
"5021","731","6698"
"5022","5","6936"
"5023","820","2249"
"5024","813","1529"
"5025","2","10422"
"5026","2","4192"
"5027","836","8535"
"5028","109","9628"
"5029","109","8623"
"5030","813","2177"
"5031","109","8881"
"5032","109","6286"
"5033","813","939"
"5034","5","7581"
"5035","109","3832"
"5036","109","7101"
"5037","2","10793"
"5038","2","17133"
"5039","959","9562"
"5040","5","10158"
"5041","109","4153"
"5042","959","11344"
"5043","1880","3775"
"5044","109","10454"
"5045","2","6623"
"5046","109","13869"
"5047","287","7440"
"5048","2","14849"
"5049","109","5436"
"5050","1348","5464"
"5051","2","8635"
"5052","109","14825"
"5053","109","14143"
"5054","2","8796"
"5055","2","8218"
"5056","974","4361"
"5057","2","1315"
"5058","287","13956"
"5059","899","7161"
"5060","743","7226"
"5061","109","7262"
"5062","2","7403"
"5063","1083","8468"
"5064","109","8550"
"5065","1881","8689"
"5066","109","8833"
"5067","1882","9097"
"5068","974","14101"
"5069","109","13979"
"5070","109","13480"
"5071","109","11328"
"5072","109","10078"
"5073","5","8556"
"5074","2","16299"
"5075","109","7630"
"5076","2","7463"
"5077","2","449"
"5078","2","6484"
"5079","109","5995"
"5080","109","16838"
"5081","109","13797"
"5082","109","10209"
"5083","2","15737"
"5084","109","9041"
"5085","109","12782"
"5086","5","6337"
"5087","5","8849"
"5088","109","8356"
"5089","109","7795"
"5090","109","7723"
"5091","109","6645"
"5092","5","5702"
"5093","2","482"
"5094","2","3134"
"5095","2","15738"
"5096","731","8904"
"5097","5","6173"
"5098","109","8133"
"5099","109","7737"
"5100","109","5771"
"5101","109","16087"
"5102","2","7248"
"5103","2","1635"
"5104","725","11923"
"5105","5","3139"
"5106","1020","75"
"5107","109","17714"
"5108","782","15109"
"5109","1540","848"
"5110","5","10689"
"5111","109","3814"
"5112","436","8940"
"5113","2","17576"
"5114","109","10485"
"5116","2","7864"
"5117","2","478"
"5118","2","10664"
"5119","5","16623"
"5120","109","14176"
"5121","5","13401"
"5122","820","17300"
"5123","813","2418"
"5124","2","3651"
"5125","109","14417"
"5126","2","8436"
"5127","2","9467"
"5128","5","9766"
"5129","5","10010"
"5130","5","10585"
"5131","2","10602"
"5132","5","10992"
"5133","5","11123"
"5134","5","11239"
"5135","109","11897"
"5136","5","13053"
"5137","5","13273"
"5138","5","13429"
"5139","743","13663"
"5140","743","13824"
"5141","743","14160"
"5142","743","15044"
"5143","5","15139"
"5144","109","15211"
"5145","899","15212"
"5146","899","15500"
"5147","1913","15710"
"5148","1915","16175"
"5149","918","16753"
"5150","2","8653"
"5151","5","14910"
"5152","109","6646"
"5153","5","7485"
"5154","109","13739"
"5155","2","7094"
"5156","1074","4487"
"5157","109","15409"
"5158","813","2653"
"5159","2","13202"
"5160","5","9909"
"5161","2","9444"
"5162","109","11837"
"5163","820","1297"
"5164","820","7528"
"5165","2","7445"
"5166","813","2879"
"5167","109","11090"
"5168","109","6840"
"5169","1515","16051"
"5170","109","17526"
"5171","5","6987"
"5172","5","4389"
"5173","820","723"
"5174","109","14503"
"5175","109","4309"
"5176","813","14913"
"5177","109","15480"
"5178","415","7040"
"5179","5","16671"
"5180","5","13012"
"5181","5","181"
"5182","5","4737"
"5183","690","10628"
"5184","109","11384"
"5185","962","16628"
"5186","109","16944"
"5187","5","17096"
"5188","109","6478"
"5189","5","17168"
"5190","1514","17412"
"5191","959","16195"
"5192","5","17461"
"5193","5","17599"
"5194","813","17793"
"5195","743","17823"
"5196","860","3709"
"5197","813","18029"
"5198","1092","16032"
"5199","109","615"
"5200","109","18453"
"5201","109","10022"
"5202","1083","18478"
"5203","1955","18487"
"5204","109","11655"
"5205","2","18493"
"5206","2","7195"
"5207","2","18497"
"5208","860","18499"
"5209","896","5282"
"5210","109","18504"
"5211","693","10040"
"5212","818","12200"
"5213","2","5653"
"5214","1343","11286"
"5215","2","2850"
"5216","2","8691"
"5217","109","333"
"5218","5","13020"
"5219","287","10797"
"5220","261","8380"
"5221","109","6270"
"5222","5","6198"
"5223","5","5551"
"5224","2","15400"
"5225","109","15849"
"5226","109","12945"
"5227","2","12532"
"5228","109","15188"
"5229","2","6996"
"5230","820","7974"
"5231","899","16402"
"5232","2","3037"
"5233","109","5949"
"5234","5","7618"
"5235","109","9743"
"5236","277","8751"
"5237","909","9589"
"5238","5","11579"
"5239","5","7636"
"5240","2","16933"
"5241","109","14864"
"5242","2","4273"
"5243","415","13420"
"5244","109","2702"
"5245","5","13549"
"5246","2","16196"
"5247","2","16200"
"5248","109","1853"
"5249","109","11345"
"5250","261","8585"
"5251","5","9782"
"5252","109","3499"
"5253","109","1070"
"5254","1020","4582"
"5255","899","5716"
"5256","5","16777"
"5257","725","7042"
"5258","5","3249"
"5259","813","778"
"5260","2","14625"
"5261","109","2599"
"5262","2","13877"
"5263","2","12921"
"5264","109","11990"
"5265","5","387"
"5266","5","4819"
"5267","5","9359"
"5268","2","68"
"5269","1348","4631"
"5270","1418","13110"
"5271","2","7575"
"5272","2","12043"
"5273","2","7648"
"5274","5","9157"
"5275","820","950"
"5276","2","9032"
"5277","2","11926"
"5278","926","7434"
"5279","109","2835"
"5280","813","5342"
"5281","813","1471"
"5282","109","5680"
"5283","1962","13827"
"5284","973","14830"
"5285","109","16100"
"5286","109","10038"
"5287","2","5662"
"5288","109","5898"
"5289","1963","9631"
"5290","109","13948"
"5291","2","11385"
"5292","2","168"
"5293","743","17204"
"5294","820","7308"
"5295","109","8270"
"5296","2","7574"
"5297","2","6807"
"5298","839","18221"
"5299","899","15538"
"5300","1987","1598"
"5301","109","5788"
"5302","690","5792"
"5303","2","5876"
"5304","1990","18235"
"5305","2","10685"
"5306","2","10843"
"5307","2","11606"
"5308","2","11971"
"5309","2","12512"
"5310","2","12732"
"5311","856","14692"
"5312","2","5315"
"5313","2","12883"
"5314","820","799"
"5315","109","1789"
"5316","2","10541"
"5317","287","13454"
"5318","2","4095"
"5319","109","15244"
"5320","287","11168"
"5321","1546","10582"
"5322","1193","19768"
"5323","109","19769"
"5324","891","18214"
"5325","743","18216"
"5326","743","19771"
"5327","2","19772"
"5328","734","19773"
"5329","109","4557"
"5330","1148","19774"
"5331","1148","19775"
"5332","817","19776"
"5333","974","13671"
"5334","109","17057"
"5335","109","8387"
"5336","109","8346"
"5337","109","14804"
"5338","2","19777"
"5339","109","6753"
"5340","109","10565"
"5341","1074","19778"
"5342","109","9634"
"5343","5","19779"
"5344","109","7204"
"5345","109","7511"
"5346","1148","18532"
"5347","690","19780"
"5348","734","19781"
"5349","1148","19782"
"5350","536","19784"
"5351","2000","19785"
"5352","850","19786"
"5353","2001","19787"
"5354","926","19788"
"5355","836","19789"
"5356","1148","19793"
"5357","1148","19792"
"5358","1148","19791"
"5359","2","19790"
"5360","1148","19795"
"5361","856","19794"
"5362","856","19796"
"5363","1148","19797"
"5364","856","19798"
"5365","689","18223"
"5366","838","19799"
"5367","1193","19800"
"5368","7","18208"
"5369","839","18206"
"5370","813","19801"
"5371","2000","19802"
"5372","1148","18378"
"5373","1148","18386"
"5374","1148","18390"
"5375","1148","18393"
"5376","7","19803"
"5377","7","19804"
"5378","743","19805"
"5379","2005","19806"
"5380","109","19807"
"5381","109","19809"
"5382","1990","19810"
"5383","1148","18257"
"5384","2","7304"
"5385","2","8479"
"5386","2","12695"
"5387","2","15259"
"5388","109","14721"
"5389","1074","4940"
"5390","109","8161"
"5391","109","17701"
"5392","725","7169"
"5393","261","413"
"5394","2","14076"
"5395","109","1208"
"5396","2","11084"
"5397","2","17467"
"5398","820","9510"
"5399","1546","8683"
"5400","860","257"
"5401","2","8107"
"5402","2","7745"
"5403","109","10396"
"5404","2","17679"
"5405","820","9751"
"5406","109","7219"
"5407","909","10309"
"5408","813","17506"
"5409","782","9945"
"5410","1350","14646"
"5411","287","12488"
"5412","820","10315"
"5413","2","2192"
"5414","2","5512"
"5415","2","2807"
"5416","743","17987"
"5417","109","12722"
"5418","5","10317"
"5419","109","9346"
"5420","5","2234"
"5421","959","11395"
"5422","109","7113"
"5423","109","4637"
"5424","5","12454"
"5425","5","10717"
"5426","2","9054"
"5427","109","3792"
"5428","725","6349"
"5429","820","2180"
"5430","2","16880"
"5431","109","7299"
"5432","109","15370"
"5433","817","14596"
"5434","2","12105"
"5435","109","906"
"5436","2","93"
"5437","109","4698"
"5438","813","6344"
"5439","109","13682"
"5440","5","3683"
"5441","2022","9928"
"5442","2023","176"
"5443","817","1879"
"5444","2","6563"
"5445","109","10655"
"5446","2024","10631"
"5447","2","13988"
"5448","5","6528"
"5449","973","11663"
"5450","5","6117"
"5451","5","1397"
"5452","820","8112"
"5453","2","13216"
"5454","813","1180"
"5455","1848","7989"
"5456","846","1285"
"5457","817","1733"
"5458","2","3098"
"5459","2","15284"
"5460","2","16092"
"5461","2","5803"
"5462","912","2167"
"5463","109","10659"
"5464","2","5996"
"5465","109","9521"
"5466","782","12175"
"5467","109","4422"
"5468","1020","5272"
"5469","2031","5444"
"5470","883","6331"
"5471","2032","9094"
"5472","2032","12561"
"5473","2","16192"
"5474","5","17120"
"5475","5","18665"
"5476","5","19811"
"5477","5","19812"
"5478","5","19813"
"5479","5","19814"
"5480","2","19815"
"5481","5","19816"
"5482","5","19817"
"5483","5","19818"
"5484","5","19819"
"5485","5","19820"
"5486","2038","19821"
"5487","5","19822"
"5488","5","19823"
"5489","5","19824"
"5490","5","19825"
"5491","2039","19826"
"5492","109","2828"
"5493","2046","1384"
"5494","109","1618"
"5495","2","14408"
"5496","109","8080"
"5497","5","2521"
"5498","2","19827"
"5499","2","19828"
"5500","743","19829"
"5501","955","19832"
"5502","743","19833"
"5503","109","19834"
"5504","109","19835"
"5505","743","19836"
"5506","743","19837"
"5507","743","19838"
"5508","743","19839"
"5509","743","13302"
"5510","7","19840"
"5511","955","19841"
"5512","690","19842"
"5513","2047","19843"
"5514","2","19844"
"5515","1148","19845"
"5516","1148","19846"
"5517","974","19847"
"5518","1148","19848"
"5519","1148","19849"
"5520","5","19850"
"5521","7","19851"
"5522","2","19852"
"5523","2","19853"
"5524","109","19854"
"5525","109","19855"
"5526","1987","19856"
"5527","1987","19857"
"5528","2","19858"
"5529","5","19859"
"5530","7","19860"
"5531","5","19861"
"5532","899","19862"
"5533","899","19863"
"5534","2","19864"
"5535","2","19865"
"5536","2","19866"
"5537","2","19867"
"5538","690","19868"
"5539","1083","19869"
"5540","1083","19870"
"5541","1083","19871"
"5542","1083","19872"
"5543","2","19873"
"5544","2","19874"
"5545","743","19875"
"5546","813","19876"
"5547","743","19877"
"5548","743","6625"
"5549","436","4470"
"5550","436","8945"
"5551","1987","9062"
"5552","1987","16177"
"5553","5","16425"
"5554","5","8802"
"5555","109","3556"
"5556","109","11025"
"5557","2","7507"
"5558","2","8190"
"5559","2","241"
"5560","5","14033"
"5561","2","8405"
"5562","5","13362"
"5563","2","11436"
"5564","2","6793"
"5565","5","15089"
"5566","5","16428"
"5567","5","19878"
"5568","109","19879"
"5569","743","19880"
"5570","743","19881"
"5571","743","19882"
"5572","743","19883"
"5573","743","19884"
"5574","743","19885"
"5575","743","19886"
"5576","820","1046"
"5577","109","10512"
"5578","109","18644"
"5579","2","5022"
"5580","109","3910"
"5581","2","5633"
"5582","109","10318"
"5583","109","15753"
"5584","690","2960"
"5585","109","11051"
"5586","2","7996"
"5587","5","17027"
"5588","5","14893"
"5589","109","7722"
"5590","5","14997"
"5591","5","17725"
"5592","1348","3812"
"5593","109","12279"
"5594","287","13880"
"5595","287","14674"
"5596","109","10259"
"5597","109","7842"
"5598","2","13911"
"5599","2","2917"
"5600","2","5215"
"5601","5","10185"
"5602","2","9742"
"5603","109","10719"
"5604","5","10749"
"5605","1028","14619"
"5606","973","16974"
"5607","813","4091"
"5608","109","13727"
"5609","5","8755"
"5610","2","2037"
"5611","1539","16358"
"5612","109","11732"
"5613","5","6459"
"5614","743","518"
"5615","743","1228"
"5616","2","8023"
"5617","1083","6977"
"5618","109","15686"
"5619","813","5566"
"5620","926","13462"
"5621","5","3636"
"5622","2","6097"
"5623","2","13215"
"5624","2","6049"
"5625","109","15877"
"5626","1083","653"
"5627","109","6158"
"5628","109","13"
"5629","690","14"
"5630","2102","949"
"5631","731","15813"
"5632","731","15810"
"5633","2","1241"
"5634","918","1407"
"5635","2","1445"
"5636","2","15792"
"5637","2","1447"
"5638","2","1561"
"5639","2","1624"
"5640","2","1737"
"5641","2","1806"
"5642","813","6228"
"5643","813","6575"
"5644","813","17728"
"5645","109","6609"
"5646","109","1364"
"5647","813","3533"
"5648","813","9598"
"5649","109","13356"
"5650","782","6519"
"5651","2105","11963"
"5652","730","5550"
"5653","5","4426"
"5654","109","17103"
"5655","2","601"
"5656","2","8950"
"5657","5","6636"
